Name,BSE Code,NSE Code,ISIN Code,Industry Group,Industry,Current Price,Price to Earning,Market Capitalization,Dividend yield,Net Profit latest quarter,YOY Quarterly profit growth,Sales latest quarter,YOY Quarterly sales growth,Return on capital employed,Sales growth,Profit growth,Operating profit growth,TTM Result Date,EPS,EPS latest quarter,EPS growth 3Years,Debt to equity,Interest Coverage Ratio
A B Lifestyle,544403,ABLBL,INE14LE01019,Retailing,Speciality Retail,83.46,47.69,10186.44,0.60,29.02,20.62,2045.74,11.15,15.02,9.07,31.53,17.11,202606.00,1.44,0.24,,2.14,1.77
A.K.Capital Serv,530499,AKCAPIT,INE701G01012,Finance,Non Banking Financial Company (NBFC),1710.00,9.87,1128.60,3.51,28.26,17.71,139.72,3.92,9.33,15.22,34.44,15.37,202606.00,173.41,41.20,8.00,2.95,1.69
AAVAS Financiers,541988,AAVAS,INE216P01012,Finance,Housing Finance Company,1279.10,14.74,10142.54,0.00,171.27,23.01,708.72,12.93,9.92,13.32,16.97,11.68,202606.00,86.70,21.60,14.93,3.11,1.79
Abhinav Leasing,538952,,INE211D01027,Finance,Non Banking Financial Company (NBFC),1.10,12.50,5.50,0.00,0.16,-40.74,0.81,131.43,6.27,-67.18,193.62,944.00,202606.00,0.09,0.03,87.58,5.64,1.35
ACME Solar Hold.,544283,ACMESOLAR,INE622W01025,Power,Power Generation,414.20,49.19,29278.64,0.05,235.33,64.83,857.50,67.81,8.89,47.52,45.44,44.76,202606.00,9.41,3.33,63.01,3.93,1.66
Adani Green,541450,ADANIGREEN,INE364U01010,Power,Power Generation,1254.35,106.58,206613.51,0.00,983.00,16.89,4431.00,16.61,7.39,10.98,4.37,22.74,202606.00,10.83,5.13,15.82,5.19,1.29
Adarsh Plant,526711,,INE627D01016,Fertilizers & Agrochemicals,Pesticides & Agrochemicals,26.65,,26.41,0.00,-0.29,-625.00,2.38,-10.19,5.72,-26.85,73.00,201.41,202606.00,-0.27,-0.29,,20.82,0.30
Adit.Birla Money,532974,BIRLAMONEY,INE865C01022,Capital Markets,Stockbroking & Allied,118.00,11.79,666.81,0.00,11.13,-27.63,130.77,16.02,9.91,9.29,-22.63,2.34,202606.00,9.60,1.97,21.35,7.35,1.51
Aditya Birla Cap,540691,ABCAPITAL,INE674K01013,Finance,Investment Company,380.75,25.96,104232.11,0.00,1223.85,40.07,12179.54,28.17,8.72,16.33,18.14,19.74,202606.00,15.04,4.30,-9.09,5.22,1.46
Aditya Ispat,513513,,INE570B01012,Industrial Products,Iron & Steel Products,7.90,,4.23,0.00,-0.83,11.70,7.44,13.94,-36.24,-15.29,-517.65,-261.50,202606.00,-13.74,-1.55,,3.29,-4.69
Agarwal Fortune,530765,,INE510B01018,Industrial Products,Glass - Industrial,18.00,103.11,6.19,0.00,0.03,0.00,0.39,-81.78,11.18,-28.60,-71.43,-15.62,202606.00,0.17,0.09,0.71,2.78,1.26
Aksh Optifibre,532351,AKSHOPTFBR,INE523B01011,Telecom -  Equipment & Accessories,Telecom -  Equipment & Accessories,8.36,,136.00,0.00,4.71,169.95,49.87,85.39,-6.63,29.39,74.04,322.78,202606.00,-0.13,0.29,,8.53,0.34
Alchemist Corp.,531409,,INE057D01016,Chemicals & Petrochemicals,Commodity Chemicals,36.97,,18.15,0.00,-0.01,100.00,4.20,,-6.64,,96.88,127.07,202606.00,-0.02,0.00,15.87,6.22,0.11
Allcargo Termi,543954,ATL,INE0NN701020,Transport Infrastructure,Port & Port services,24.34,15.36,648.56,0.00,6.37,-30.08,214.41,14.50,11.20,12.25,31.18,31.07,202606.00,1.42,0.22,,2.18,1.92
Altius Telecom,543225,,INE0BWS23018,Telecom - Services,Telecom - Infrastructure,172.00,41.43,52415.28,2.34,375.30,65.55,6025.10,-0.08,8.60,9.79,53.56,11.61,202606.00,4.12,1.23,9.53,4.59,1.36
Amin Tannery,541771,,INE572Z01017,Consumer Durables,Leather And Leather Products,2.00,89.96,21.59,0.00,0.09,28.57,11.99,10.10,5.28,-15.94,-20.00,-29.90,202606.00,0.02,0.01,-15.14,2.19,1.19
AMS Polymers,540066,,INE345U01019,Chemicals & Petrochemicals,Specialty Chemicals,49.00,33.71,16.18,0.00,0.28,-53.33,36.34,36.16,10.33,10.72,-55.56,-12.61,202606.00,1.45,0.85,13.26,2.41,1.92
Andhra Cements,532141,ACL,INE666E01020,Cement & Cement Products,Cement & Cement Products,42.67,,393.29,0.00,-35.93,-21.30,142.17,42.84,-6.01,56.40,51.63,176.38,202606.00,-7.97,-3.90,,13.96,-0.60
Ansal Housing,507828,,INE880B01015,Realty,"Residential, Commercial Projects",4.83,,33.64,0.00,-3.12,-201.77,46.70,-44.27,-5.05,-27.59,-3623.60,-129.62,202606.00,-5.77,-0.45,,2.94,-32.54
Anzen IYEP Trust,543655,ANZEN,INE0MIZ23019,Power,Power - Transmission,128.00,98.68,3273.21,12.39,54.03,354.35,288.12,160.84,3.28,106.47,822.66,87.79,202606.00,1.15,1.70,24.70,2.48,1.17
Arihant Super.,506194,ARIHANTSUP,INE643K01018,Realty,"Residential, Commercial Projects",215.50,23.35,932.03,0.11,9.78,-38.53,131.59,8.79,10.55,4.66,-41.81,-10.47,202606.00,9.23,2.26,0.88,2.41,1.80
Artson,522134,,INE133D01023,Industrial Manufacturing,Industrial Products,174.90,,645.73,0.00,-0.41,-286.36,26.13,-41.60,-14.60,8.73,-374.05,-386.62,202606.00,-3.12,-0.11,15.47,142.13,-1.26
Aruna Hotels,500016,,INE957C01019,Leisure Services,Hotels & Resorts,7.05,29.86,23.90,0.00,-1.31,-195.62,5.76,-2.87,12.36,3.44,-76.68,21.59,202606.00,0.24,-0.39,27.87,4.18,1.21
Asit C Mehta Fin,530723,,INE041B01014,Capital Markets,Stockbroking & Allied,102.05,,84.15,0.00,4.85,33.20,11.24,0.00,5.79,-13.68,71.78,80.43,202606.00,6.28,5.53,21.98,4.63,0.92
AU Small Finance,540611,AUBANK,INE949L01017,Banks,Other Bank,1031.70,27.15,77437.16,0.09,795.95,37.03,5302.74,21.11,7.66,17.32,30.77,24.30,202606.00,38.20,10.63,18.18,8.34,1.38
Avishkar Infra,508929,,INE433O01024,Realty,"Residential, Commercial Projects",567.20,,1270.71,0.00,-0.35,26.09,0.00,,2.34,-100.00,-168.69,-146.49,202606.00,-0.79,-0.15,,2.32,0.34
AWFIS Space,544181,AWFIS,INE108V01019,Commercial Services & Supplies,Diversified Commercial Services,273.55,23.10,1957.55,0.00,23.96,140.08,424.92,26.96,13.17,23.29,69.78,30.15,202606.00,11.86,3.35,,2.72,1.46
Axis Bank,532215,AXISBANK,INE238A01034,Banks,Private Sector Bank,1227.55,13.81,382166.37,0.08,7670.37,22.24,35541.96,9.87,6.24,5.58,-0.32,3.47,202606.00,89.39,24.54,34.13,7.47,1.45
Baazar Style,544243,STYLEBAAZA,INE01FR01028,Retailing,Speciality Retail,377.95,105.43,2876.85,0.00,2.23,12.63,486.38,28.86,7.57,34.94,59.50,35.60,202606.00,6.30,0.29,-8.17,2.21,1.39
Bajaj Finance,500034,BAJFINANCE,INE296A01032,Finance,Non Banking Financial Company (NBFC),1010.65,30.68,629226.02,0.52,6080.60,27.37,23165.45,18.65,10.87,17.85,17.53,17.01,202606.00,32.62,9.61,17.54,3.82,1.94
Bajaj Finserv,532978,BAJAJFINSV,INE918I01026,Finance,Holding Company,1863.20,29.01,298496.15,0.08,6296.67,12.31,42036.90,19.13,10.58,14.54,7.91,15.22,202606.00,63.43,19.57,15.52,5.52,1.99
Bajaj Hindusthan,500032,BAJAJHIND,INE306A01021,Agricultural Food & other Products,Sugar,19.75,36.40,4721.62,0.00,-184.76,-6.39,1125.97,-9.81,3.11,-1.93,197.97,15.92,202606.00,0.17,-0.77,36.80,6.36,1.95
Bajaj Housing,544252,BAJAJHFL,INE377Y01014,Finance,Housing Finance Company,83.15,25.64,69283.44,0.00,715.28,22.63,3063.02,17.10,8.85,16.29,19.39,16.14,202606.00,3.23,0.86,18.07,4.60,1.50
Bandhan Bank,541153,BANDHANBNK,INE545U01014,Banks,Private Sector Bank,173.70,20.70,27985.66,0.83,501.67,34.87,5630.55,2.83,6.41,-0.20,-34.11,-0.79,202606.00,8.40,3.11,-17.68,7.06,1.17
Bank of Baroda,532134,BANKBARODA,INE028A01039,Banks,Public Sector Bank,233.35,5.48,120673.81,3.62,1839.26,64.60,35114.52,6.84,5.63,4.91,13.52,7.66,202606.00,35.12,3.45,10.03,10.89,1.33
Bank of India,532149,BANKINDIA,INE084A01016,Banks,Public Sector Bank,137.65,5.25,62667.47,3.33,3303.98,49.81,20096.90,8.83,5.93,6.21,19.41,8.72,202606.00,25.87,7.25,37.09,11.83,1.30
Bank of Maha,532525,MAHABANK,INE457A01014,Banks,Public Sector Bank,80.80,8.18,62147.69,2.72,2023.32,34.50,8034.65,13.90,6.03,15.83,31.03,24.86,202606.00,9.80,2.63,33.11,10.74,1.52
BCL Enterprises,539621,,INE368E01023,Finance,Non Banking Financial Company (NBFC),0.73,,8.51,0.00,-4.09,-1804.17,0.93,102.17,-12.00,-71.18,-1500.00,-1207.46,202606.00,-0.88,-0.35,,9.52,-2.56
Bhilwara Spinner,514272,,INE436C01014,Textiles & Apparels,Other Textile Products,129.85,13.60,117.56,0.00,1.91,189.25,33.84,1167.42,5.85,578.92,515.87,724.26,202606.00,9.89,2.11,130.32,2.07,1.88
Bilcare,526853,BI,INE986A01012,Healthcare Services,"Healthcare Research, Analytics & Technology",97.90,11.59,230.51,0.00,14.97,473.06,225.86,21.20,5.56,-0.93,247.68,89.91,202606.00,6.23,5.39,37.27,3.15,0.97
Birla Cotsyn,533006,,INE655I01032,Textiles & Apparels,Other Textile Products,14.97,,395.74,0.00,-1.90,52.62,15.41,,-24.77,,-43.97,-100.34,202606.00,-0.65,-0.07,,2.30,-6.20
Brand Concepts,543442,BCONCEPTS,INE977Y01011,Retailing,Speciality Retail,154.80,107.96,193.21,0.00,-2.83,-4.04,79.57,10.99,7.26,21.40,-21.15,13.84,202606.00,0.83,-2.27,-49.04,2.20,1.08
BSL,514045,BSL,INE594B01012,Textiles & Apparels,Other Textile Products,120.05,34.03,123.57,0.66,1.72,265.96,169.72,7.41,5.99,1.12,-42.56,-9.54,202606.00,3.53,1.67,-50.61,3.66,1.14
C J Gelatine,507515,,INE557D01015,Chemicals & Petrochemicals,Specialty Chemicals,26.28,27.47,12.64,0.00,0.14,200.00,10.65,26.18,6.53,8.55,355.56,87.50,202606.00,0.96,0.29,-2.99,6.06,1.37
Can Fin Homes,511196,CANFINHOME,INE477A01020,Finance,Housing Finance Company,784.95,9.23,10451.93,1.90,267.82,19.63,1096.15,7.43,9.14,8.18,28.17,8.41,202606.00,84.84,20.11,20.47,6.40,1.53
Canara Bank,532483,CANBK,INE476A01022,Banks,Public Sector Bank,122.40,5.60,111024.74,3.44,5182.06,3.48,32957.16,4.55,6.52,3.11,7.47,20.33,202606.00,21.89,5.71,17.89,14.28,1.28
Capital Small,544120,CAPITALSFB,INE646H01017,Banks,Other Bank,272.00,8.22,1236.65,1.83,41.30,29.02,288.18,16.63,7.07,16.28,12.75,17.12,202606.00,33.19,9.08,,7.58,1.33
Capri Global,531595,CGCL,INE180C01042,Finance,Non Banking Financial Company (NBFC),255.60,21.81,24592.70,0.08,353.38,102.05,1576.48,57.05,11.67,50.16,95.19,55.81,202606.00,11.72,3.67,58.40,3.35,1.78
Caprihans India,509486,,INE479A01018,Industrial Products,Plastic Products - Industrial,116.50,,205.26,0.00,7.01,151.73,220.16,21.04,2.15,-0.34,49.83,112.54,202606.00,-20.05,3.98,-39.36,3.01,0.64
Carnation Inds.,530609,,INE081B01028,Industrial Products,Other Industrial Products,103.17,,35.67,0.00,-0.52,-477.78,0.00,,8.90,,38.46,171.76,202606.00,-1.62,-1.50,7.89,9.08,0.85
Cedaar Textile,,CEDAAR,INE11J101017,Textiles & Apparels,Other Textile Products,12.00,,16.66,0.00,-75.20,-1180.46,81.83,-36.92,-50.96,-21.40,-665.61,-359.73,202603.00,-51.43,-54.18,,2.22,-8.90
Ceenik Exports,531119,,INE418D01010,Consumer Durables,"Gems, Jewellery And Watches",234.00,,94.06,5.34,1.35,135.53,0.00,,-18.67,,72.04,-23.46,202606.00,-10.62,3.36,,2.47,-2.91
Celebrity Fash.,532695,CELEBRITY,INE185H01016,Textiles & Apparels,Garments & Apparels,6.88,,44.42,0.00,-2.37,64.78,26.42,-35.04,-12.31,-7.00,30.86,48.29,202606.00,-1.85,-0.37,,6.05,-0.91
Central Bank,532885,CENTRALBK,INE483A01010,Banks,Public Sector Bank,30.50,6.09,27606.76,3.95,1324.61,8.00,9725.90,12.79,5.64,9.45,8.25,17.92,202606.00,5.04,1.46,37.12,12.41,1.29
Centrum Capital,501150,CENTRUM,INE660C01027,Finance,Other Financial Services,21.64,,1053.51,0.00,-148.81,-563.53,911.98,7.76,7.33,0.53,-230.93,-26.57,202606.00,-4.62,-1.90,-16.97,51.52,0.69
Chaman Metallics,,CMNL,INE06PV01010,Ferrous Metals,Sponge Iron,110.00,,265.48,0.00,-1.62,-78.12,344.75,326.41,5.37,214.36,-118.09,163.00,202603.00,-1.73,-0.67,,4.62,0.90
Chola Financial,504973,CHOLAHLDNG,INE149A01033,Finance,Investment Company,1504.35,10.56,28248.27,0.09,1788.99,39.32,11113.57,19.55,9.75,17.54,21.10,16.06,202606.00,142.12,42.92,23.71,13.61,1.54
Cholaman.Inv.&Fn,511243,CHOLAFIN,INE121A01024,Finance,Non Banking Financial Company (NBFC),1787.50,26.52,152664.30,0.11,1656.22,45.56,8856.29,21.87,9.71,19.64,29.14,17.46,202606.00,67.80,19.43,23.76,6.93,1.51
Chrome Silicon,513005,,INE114E01013,Ferrous Metals,Ferro & Silica Manganese,39.50,,64.76,0.00,-2.20,-2.33,1.74,625.00,-17.41,-93.33,87.87,78.82,202606.00,-6.03,-1.34,,2.27,-493.50
Cian Healthcare,542678,,INE05BN01027,Pharmaceuticals & Biotechnology,Pharmaceuticals,15.48,,38.70,0.00,-17.97,37.58,16.98,42.69,-15.51,-8.03,26.78,-5.17,202603.00,-9.32,-7.19,,3.36,-43.91
City Union Bank,532210,CUB,INE491A01021,Banks,Private Sector Bank,225.80,15.91,22372.01,0.88,382.57,25.06,1984.99,23.65,6.74,19.81,20.41,19.46,202606.00,14.17,3.86,12.00,7.92,1.42
CLC Industries,521082,CLCIND,INE376C01038,Textiles & Apparels,Other Textile Products,47.67,,49.55,0.00,0.48,112.47,30.42,-81.85,-5.35,10.75,57.79,86.40,202606.00,-4.27,0.46,,56.35,0.22
Clean Max Enviro,544717,CLEANMAX,INE647U01026,Power,Power Generation,1296.90,97.17,15242.74,0.00,55.18,441.69,832.16,106.83,6.16,27.89,120.98,25.65,202606.00,14.05,4.14,-71.06,2.73,1.31
Comrade Applian.,543921,,INE0NXA01015,Consumer Durables,Consumer Electronics,35.00,,27.22,0.00,-2.49,-206.41,15.26,-62.32,-14.96,-47.46,-1884.91,-158.59,202603.00,-12.16,-3.20,,2.89,-4.68
Cosmo Ferrites,523100,,INE124B01018,Industrial Manufacturing,Industrial Products,195.95,,235.73,0.00,0.99,1880.00,28.98,7.65,4.46,11.57,90.05,65.54,202606.00,-0.53,0.82,,3.00,0.90
CreditAcc. Gram.,541770,CREDITACC,INE741K01010,Finance,Microfinance Institutions,1408.00,18.69,22596.25,0.00,493.39,719.72,1783.49,21.92,9.98,11.86,524.34,62.92,202606.00,75.60,30.79,-2.81,3.01,1.82
Crimson Metal,526977,,INE318P01016,Industrial Products,Iron & Steel Products,24.84,73.33,11.00,0.00,0.03,50.00,1.99,-1.97,7.92,-18.74,36.36,-3.63,202606.00,0.34,0.07,-24.09,4.37,1.09
CSB Bank,542867,CSBBANK,INE679A01013,Banks,Private Sector Bank,298.40,7.81,5176.79,0.00,150.04,26.51,1287.32,23.67,7.05,24.84,10.94,28.47,202606.00,38.31,8.65,4.94,10.50,1.30
DCB Bank,532772,DCBBANK,INE503A01015,Banks,Private Sector Bank,223.25,9.11,7192.69,0.63,213.20,35.57,1984.31,9.41,7.40,11.48,22.81,13.58,202606.00,24.59,6.62,14.93,12.04,1.21
Delta Manufact.,504286,DELTAMAGNT,INE393A01011,Industrial Products,Other Industrial Products,56.90,,61.75,0.00,-0.31,79.19,19.08,33.24,-0.45,12.84,64.78,74.11,202606.00,-9.71,-0.29,24.49,17.29,0.35
Dev Accele.,544513,DEVX,INE0VOV01021,Commercial Services & Supplies,Diversified Commercial Services,33.40,27.41,316.07,0.00,1.50,1038.46,53.77,-3.34,11.92,9.17,26.18,13.19,202606.00,1.12,0.16,25.99,2.05,1.35
Devyani Intl.,543330,DEVYANI,INE872J01023,Leisure Services,Restaurants,136.85,,16872.85,0.00,17.11,277.58,1580.52,16.47,4.75,14.72,31.40,12.11,202606.00,-0.22,0.12,,2.49,0.94
Dhanlaxmi Bank,532180,DHANBANK,INE680A01011,Banks,Private Sector Bank,29.78,10.15,1175.40,0.00,24.91,104.52,449.36,22.19,5.81,21.80,33.01,28.54,202606.00,2.93,0.63,28.26,13.39,1.16
East India Drums,523874,,INE191C01023,Commercial Services & Supplies,Trading & Distributors,94.60,29.43,139.76,1.59,1.35,6.30,63.45,-3.60,19.53,-12.42,17.00,3.46,202606.00,3.22,0.91,198.51,2.57,1.76
Ebix,531035,EBIX,INE432F01032,Automobiles,2/3 Wheelers,19.12,,409.73,0.00,82.00,92.94,573.24,-5.08,5.95,61.56,-20.56,35.45,202603.00,-19.97,-1.54,,17.75,0.41
Edelweiss.Fin.,532922,EDELWEISS,INE532F01054,Finance,Holding Company,128.90,19.32,12200.98,1.10,134.37,83.05,2328.50,3.69,14.10,13.98,54.83,-10.50,202606.00,6.36,1.29,22.98,4.02,1.40
Elgi Rubber Co,,ELGIRUBCO,INE819L01012,Industrial Products,Rubber,56.40,,282.58,0.00,40.85,293.38,70.09,-18.10,-12.92,-5.89,-202.11,-1942.25,202606.00,-39.54,8.16,,4.13,-1.57
Energy Devl.Co.,532219,ENERGYDEV,INE306C01019,Power,Power Generation,15.03,297.48,71.38,0.00,-1.81,-209.70,6.34,-38.39,14.27,16.65,101.26,28.60,202606.00,-0.78,-0.38,-32.24,35.16,1.61
Energy InfrTrust,542543,,INE05KD23015,Gas,Gas Transmission/Marketing,72.80,60.64,4833.92,31.63,-6.55,-120.73,1095.12,12.93,5.39,-1.95,426.16,12.86,202606.00,1.20,-0.10,-40.87,13.32,1.16
Equitas Sma. Fin,543243,EQUITASBNK,INE063P01018,Banks,Other Bank,71.80,16.08,8214.87,0.00,183.61,182.06,1960.40,18.89,6.43,10.00,598.16,48.15,202606.00,4.47,1.61,-44.20,8.54,1.19
ESAF Small Fin,544020,ESAFSFB,INE818W01011,Banks,Other Bank,38.62,,1993.20,0.00,80.08,198.60,1097.77,32.54,5.65,3.91,99.16,129.52,202606.00,-0.10,1.55,,16.01,0.99
F A C T,590024,FACT,INE188A01015,Fertilizers & Agrochemicals,Fertilizers,760.20,,49190.37,0.03,-61.94,-1547.20,1253.40,20.20,4.93,32.05,-230.58,-91.21,202606.00,-1.64,-0.96,,2.95,0.55
Fedbank Financi.,544027,FEDFINA,INE007N01010,Finance,Non Banking Financial Company (NBFC),155.00,15.20,5814.04,0.00,114.38,52.49,669.93,29.68,9.06,13.41,66.53,23.13,202606.00,10.23,3.05,15.51,4.67,1.55
Federal Bank,500469,FEDERALBNK,INE171A01029,Banks,Private Sector Bank,341.65,18.04,84469.43,0.35,1302.49,36.78,7861.58,9.94,6.39,6.50,15.64,1.71,202606.00,19.01,5.09,5.45,8.66,1.36
Finkurve Fin.,508954,FINKURVE,INE734I01027,Finance,Non Banking Financial Company (NBFC),74.01,35.32,1037.21,0.00,8.44,65.82,75.10,88.31,10.30,59.57,62.23,132.34,202606.00,2.10,0.60,18.08,2.46,1.57
Fino Payments,543386,FINOPB,INE02NC01014,Banks,Other Bank,137.45,46.82,1143.84,0.00,-13.72,-177.25,72.23,18.43,4.41,23.01,-71.58,28.62,202606.00,2.52,-1.65,-6.95,4.86,1.28
Flex Foods,523672,,INE954B01018,Agricultural Food & other Products,Other Agricultural Products,45.50,,56.64,1.11,-1.32,89.81,59.74,47.54,-5.20,40.02,49.60,224.79,202606.00,-16.18,-1.06,,33.36,-0.05
Flexituff Vent.,533638,FLEXITUFF,INE060J01017,Textiles & Apparels,Other Textile Products,2.25,,7.36,0.00,-15.68,14.46,0.00,-100.00,-26.79,-97.41,-80.44,46.20,202606.00,-40.29,-4.78,2.45,16.17,-1.32
Fusion Finance,543652,FUSION,INE139R01012,Finance,Microfinance Institutions,188.80,18.20,3056.89,0.00,62.41,167.65,458.17,3.59,5.92,-18.05,113.15,239.06,202606.00,10.44,3.86,-67.04,2.27,1.17
Fynx Capital,507962,,INE455H01021,Finance,Non Banking Financial Company (NBFC),5.68,,113.60,0.00,-1.98,-247.37,3.94,704.08,-11.93,1178.57,-101.68,-100.00,202606.00,-0.24,-0.10,,2.99,-2.36
G-Tec Janix,,GTECJAINX,INE586X01012,Other Consumer Services,E-Learning,29.31,,29.86,0.00,0.30,100.00,2.25,-10.36,-36.32,-4.11,77.43,78.46,202606.00,-0.71,0.29,,2.39,-24.00
Gamco Ltd,540097,,INE890S01026,Finance,Other Financial Services,46.00,,248.53,0.22,32.70,125.21,110.79,112.81,-9.04,395.08,-2653.33,-158.93,202606.00,-4.96,6.05,,2.09,-0.37
Gensol Engineer.,542851,GENSOL,INE06H201014,Electrical Equipment,Other Electrical Equipment,17.00,0.65,65.36,0.00,17.86,32.52,344.51,56.42,14.33,74.22,111.15,87.37,202412.00,27.04,4.45,152.94,2.33,1.58
GIC Housing Fin,511676,GICHSGFIN,INE289B01019,Finance,Housing Finance Company,135.00,4.63,726.97,3.32,10.04,36.60,266.74,0.52,7.71,1.24,14.88,3.84,202606.00,29.19,1.86,-9.74,4.33,1.29
Global Vectra,532773,GLOBALVECT,INE792H01019,Transport Services,Airline,129.30,,181.02,0.00,-11.85,-25.66,130.71,1.05,-2.11,-1.58,-818.23,-53.28,202606.00,-24.79,-8.46,-13.02,21.69,-0.32
GMR Urban,543490,GMRP&UI,INE0CU601026,Power,Power Generation,91.64,,7157.25,0.00,-35.38,48.83,1705.18,3.44,11.96,15.79,-95.27,16.85,202606.00,8.11,-0.53,,6.09,0.94
H P Cotton Tex,502873,,INE950C01014,Textiles & Apparels,Other Textile Products,90.00,11.42,35.27,0.00,1.02,20.00,31.18,-13.17,18.93,-8.62,4.39,-20.80,202606.00,7.88,2.60,29.16,2.03,1.71
H U D C O,540530,HUDCO,INE031A01017,Finance,Financial Institution,169.00,7.98,33832.07,3.53,851.11,35.05,3717.17,26.55,8.41,25.95,52.98,15.61,202606.00,21.26,4.25,33.02,6.45,1.36
HDB FINANC SER,544429,HDBFS,INE756I01012,Finance,Non Banking Financial Company (NBFC),668.50,20.13,55536.63,0.60,785.20,38.31,4937.90,10.58,9.09,11.97,27.72,10.74,202606.00,33.26,9.46,7.36,4.80,1.54
HDFC Bank,500180,HDFCBANK,INE040A01034,Banks,Private Sector Bank,717.50,13.97,1105967.28,1.79,20382.69,18.37,90575.33,3.67,7.02,2.81,11.96,9.95,202606.00,51.35,12.50,6.06,6.21,1.59
Helpage Finlease,539174,,INE738P01015,Finance,Non Banking Financial Company (NBFC),21.99,7.30,21.88,0.00,0.84,7.69,3.33,7.42,12.69,26.67,48.51,23.55,202606.00,3.02,0.84,68.92,5.38,1.54
Hira Automobile,531743,,INE258Z01013,Commercial Services & Supplies,Trading & Distributors,193.00,,53.08,0.00,-1.38,-2860.00,4.78,-78.97,7.53,-32.56,-270.83,-35.86,202606.00,-4.47,-5.01,-30.66,4.22,0.82
Home First Finan,543259,HOMEFIRST,INE481N01025,Finance,Housing Finance Company,1176.60,21.17,12302.47,0.44,159.85,34.45,538.01,18.61,11.13,21.36,40.70,19.57,202606.00,55.84,15.29,25.93,2.43,1.95
I O B,532388,IOB,INE565A01014,Banks,Public Sector Bank,32.54,10.87,62660.95,0.00,1659.24,49.34,8777.57,18.85,6.07,14.86,50.97,17.50,202606.00,2.99,0.86,34.56,10.74,1.33
I R F C,543257,IRFC,INE053F01010,Finance,Financial Institution,79.25,14.46,103567.86,2.60,1927.21,10.40,8261.11,19.46,5.64,4.87,7.79,4.36,202606.00,5.50,1.47,3.42,7.69,1.34
ICICI Bank,532174,ICICIBANK,INE090A01021,Banks,Private Sector Bank,1354.40,17.27,972147.74,0.87,16276.22,13.88,52240.85,6.44,7.18,3.96,6.05,-11.71,202606.00,78.36,21.52,15.61,5.55,1.89
IDBI Bank,500116,IDBI,INE008A01015,Banks,Private Sector Bank,83.01,9.62,89255.63,2.46,2130.57,5.35,7549.28,7.44,5.92,0.92,17.72,9.07,202606.00,8.67,1.98,35.41,5.47,1.76
IDFC First Bank,539437,IDFCFIRSTB,INE092T01019,Banks,Private Sector Bank,85.35,32.68,73586.24,0.29,1074.96,132.39,11051.09,14.61,5.98,12.32,72.08,22.23,202606.00,2.68,1.25,-19.78,7.31,1.14
IIFL Finance,532636,IIFL,INE530B01024,Finance,Non Banking Financial Company (NBFC),582.75,11.82,24872.52,0.68,713.13,189.30,3919.15,32.73,10.87,36.06,168.66,60.99,202606.00,49.44,15.87,3.25,4.97,1.48
Indergiri Fin.,531505,,INE628F01019,Finance,Non Banking Financial Company (NBFC),21.81,,11.04,0.00,-0.73,-114.71,0.27,-18.18,-1.15,0.93,1.67,-46.67,202606.00,-3.50,-1.44,,14.91,-0.38
India Finsec,535667,,INE474O01010,Finance,Non Banking Financial Company (NBFC),240.00,42.69,700.60,0.00,6.89,28.68,28.55,53.66,13.28,29.42,41.22,35.61,202606.00,5.62,1.68,62.54,3.10,1.80
Indian Acrylics,514165,,INE862B01013,Chemicals & Petrochemicals,Petrochemicals,5.80,,78.48,0.00,-1.67,64.62,106.94,24.07,-3.31,3.07,21.55,104.47,202606.00,-1.55,-0.12,,18.14,-0.27
Indian Bank,532814,INDIANB,INE562A01011,Banks,Public Sector Bank,841.80,8.82,113387.45,2.17,3357.44,20.47,18095.14,11.11,6.32,9.53,11.39,9.05,202606.00,94.91,24.92,24.77,10.64,1.41
Indian Renewable,544026,IREDA,INE202E01016,Finance,Financial Institution,109.10,15.62,30648.74,1.20,337.50,36.82,2248.39,15.46,8.69,19.93,25.78,18.41,202606.00,6.99,1.20,20.78,5.65,1.49
IndiGrid Trust,540565,INDIGRID,INE219X23014,Power,Power - Transmission,173.25,34.89,19717.17,3.21,245.94,236.04,1086.66,29.39,7.99,50.96,67.88,13.26,202606.00,6.10,2.55,-10.84,3.52,1.37
Indiqube Spaces,544454,INDIQUBE,INE06ST01018,Commercial Services & Supplies,Diversified Commercial Services,198.45,,4207.10,0.00,-23.88,35.04,422.69,36.66,6.38,38.88,30.42,44.06,202606.00,-4.42,-1.13,,10.12,0.75
Inditrade Cap.,532745,,INE347H01012,Finance,Other Financial Services,2.51,,5.86,0.00,-96.08,-3238.02,-10.25,-124.96,-31.28,-68.12,-3574.11,-449.71,202503.00,-29.31,-25.80,,2.44,-4.88
Indo Gulf Inds.,506945,,INE684U01011,Chemicals & Petrochemicals,Specialty Chemicals,3.12,,2.98,0.00,-2.46,-336.54,45.69,-34.69,3.61,-23.23,-189.26,-97.67,202606.00,-4.52,-2.57,,2.37,-1.27
IndusInd Bank,532187,INDUSINDBK,INE095A01012,Banks,Private Sector Bank,960.90,56.70,74868.06,0.15,1037.05,71.68,11309.94,-7.78,5.68,-6.38,31.08,-8.05,202606.00,16.97,13.31,-50.81,6.73,1.07
Innovative Ideal,541983,,INE492Y01011,Commercial Services & Supplies,Diversified Commercial Services,17.68,,20.12,0.00,-4.81,-310.04,0.01,-99.69,-44.43,-83.23,-967.00,-1078.41,202603.00,-8.22,-4.23,,4.67,-287.67
Interglobe Aviat,539448,INDIGO,INE646L01027,Transport Services,Airline,4800.35,,185613.50,0.20,-238.00,-110.92,24584.10,19.94,5.24,8.96,-147.77,-44.70,202606.00,-124.31,-6.14,,11.15,0.55
J & K Bank,532209,J&KBANK,INE168A01041,Banks,Private Sector Bank,146.45,7.01,16126.83,1.44,428.80,-11.50,3547.48,8.50,5.84,4.78,7.26,9.40,202606.00,20.92,3.89,23.26,10.46,1.39
Jagatjit Inds.,507155,,INE574A01016,Beverages,Breweries & Distilleries,157.00,63.32,734.49,0.00,-8.28,16.13,160.30,77.56,10.48,-29.89,140.26,-99.12,202606.00,2.46,-1.77,23.31,5.76,1.32
Jana Small Finan,544118,JSFB,INE953L01027,Banks,Other Bank,492.45,13.72,5207.75,0.00,155.23,52.29,1514.53,22.08,7.45,18.24,-12.26,12.88,202606.00,36.06,14.74,-15.00,9.31,1.13
Jayatma Industri,531323,,INE250D01017,Textiles & Apparels,Other Textile Products,13.20,,8.15,0.00,-0.61,-154.17,2.71,-23.23,-1.46,-8.25,28.06,52.78,202606.00,-2.28,-0.99,,2.25,-1.29
Johnson Pharma,532154,,INE560F01022,Commercial Services & Supplies,Diversified Commercial Services,0.47,,25.85,0.00,-1.10,-2100.00,0.00,,-104.81,,-10019.05,-47411.11,202606.00,-1.03,-0.02,,48.64,-31.20
JSW Energy,533148,JSWENERGY,INE121E01018,Power,Power Generation,508.50,46.51,93232.63,0.38,532.70,-36.62,5207.13,1.24,8.16,35.37,-7.65,53.96,202606.00,11.12,2.57,16.19,2.50,1.29
Juniper Green,544853,JNPR,INE05C901015,Power,Power Generation,267.00,575.88,15192.24,0.00,33.45,54.22,291.20,81.24,3.30,41.33,-46.37,43.19,202603.00,0.83,0.68,26.66,4.02,1.09
Kaiser Corporat.,531780,,INE229G01022,Commercial Services & Supplies,Trading & Distributors,5.70,,29.99,0.00,-0.74,-40.74,1.31,-57.61,-0.65,-42.29,15.60,24.94,202606.00,-0.23,-0.07,,3.49,-0.45
Kallam Textiles,530201,,INE629F01025,Textiles & Apparels,Other Textile Products,2.00,,10.57,0.00,-19.79,-130.12,71.17,12.29,-4.50,1.80,-57.36,-28.08,202512.00,-12.47,-3.75,,4.65,-0.59
Kalyan Capitals,538778,,INE149Q01021,Finance,Non Banking Financial Company (NBFC),6.60,10.58,34.66,0.00,1.03,-59.22,12.35,39.86,13.25,38.31,-8.64,46.80,202606.00,0.62,0.16,8.30,4.97,1.20
Kalyani Commerc.,,KALYANI,INE610E01010,"Agricultural, Commercial & Construction Vehicles","Dealers-Commercial Vehicles, Tractors, Construction Vehicles",144.99,5.75,14.50,0.00,0.41,-34.92,84.93,-10.65,11.89,35.94,7.23,48.01,202606.00,25.20,4.10,-5.86,4.11,1.40
Karnataka Bank,532652,KTKBANK,INE614B01018,Banks,Private Sector Bank,318.15,8.46,12038.39,1.49,418.95,43.28,2382.65,5.37,6.06,0.47,23.41,3.80,202606.00,38.00,11.08,-2.85,8.63,1.32
Karnavati Financ,538928,,INE554R01020,Finance,Non Banking Financial Company (NBFC),1.40,19.28,14.07,0.00,6.25,1789.19,1.86,745.45,-4.37,526.50,133.64,102.61,202606.00,0.07,0.62,,13.83,1.17
Karur Vysya Bank,590003,KARURVYSYA,INE036D01028,Banks,Private Sector Bank,328.10,11.50,31712.55,0.77,755.70,44.92,3049.42,18.72,7.62,16.02,36.93,21.97,202606.00,28.40,7.82,30.84,8.38,1.58
Kerala Ayurveda,530163,,INE817B01025,Pharmaceuticals & Biotechnology,Pharmaceuticals,174.85,,227.20,0.00,-8.08,-501.01,33.19,16.01,-9.77,11.74,-103.76,-74.07,202606.00,-21.06,-6.14,,7.78,-1.94
KIFS Financial,535566,,INE902D01013,Finance,Non Banking Financial Company (NBFC),110.45,14.33,119.51,1.41,2.04,21.43,12.53,27.73,8.18,26.75,1.21,24.30,202606.00,7.71,1.89,7.68,6.02,1.44
Kinetic Trust,531274,,INE674M01019,Finance,Non Banking Financial Company (NBFC),47.36,122.41,15.91,0.00,0.04,-33.33,0.20,-28.57,5.72,14.38,-53.57,3.20,202606.00,0.39,0.12,51.83,5.55,1.16
Konark Synth,514128,,INE517D01019,Textiles & Apparels,Other Textile Products,43.84,,25.47,0.00,0.07,240.00,11.14,-9.43,4.99,-15.83,49.43,-58.84,202606.00,0.31,0.12,,147.75,0.73
Kotak Mah. Bank,500247,KOTAKBANK,INE237A01036,Banks,Private Sector Bank,413.50,20.59,411335.55,0.16,5480.46,22.55,18354.57,6.41,6.98,5.68,4.59,1.41,202606.00,20.41,5.51,8.89,3.65,1.91
Kumbhat Fin.,526869,,INE795E01019,Finance,Non Banking Financial Company (NBFC),19.59,12.88,10.44,0.00,0.10,-9.09,1.97,34.93,11.77,116.10,-44.14,-2.08,202606.00,1.52,0.19,94.87,3.21,1.29
L&T Finance Ltd,533519,LTF,INE498L01015,Finance,Non Banking Financial Company (NBFC),298.45,23.36,74802.11,0.89,915.99,28.72,5212.92,22.38,8.40,15.24,20.43,16.56,202606.00,12.71,3.60,254.65,3.94,1.61
Lagnam Spintex,,LAGNAM,INE548Z01017,Textiles & Apparels,Other Textile Products,72.80,7.01,128.62,0.00,5.89,198.98,165.86,18.39,10.07,7.69,38.29,8.81,202606.00,10.36,3.33,13.82,2.64,1.86
Lak. Prec. Screw,506079,LAKPRE,INE651C01018,Auto Components,Auto Components & Equipments,5.70,,6.23,0.00,-12.66,30.21,51.35,-16.37,0.28,-6.06,50.33,108.09,201712.00,-30.30,-11.57,-18.06,11.16,0.13
Laxmi India Fin.,544465,LAXMIINDIA,INE06WU01026,Finance,Non Banking Financial Company (NBFC),123.10,11.46,644.95,0.00,16.57,69.43,93.50,34.18,12.72,28.83,44.41,24.38,202606.00,10.81,3.16,,2.87,1.53
Leap India,544865,LEAPIND,INE00GO01025,Commercial Services & Supplies,Diversified Commercial Services,136.15,102.82,5997.87,0.00,24.73,30.23,203.41,19.10,8.34,56.39,123.51,41.44,202603.00,22.15,8.79,63.86,2.12,1.78
Lexus Granito,,LEXUS,INE500X01013,Consumer Durables,"Furniture, Home Furnishing",13.24,,27.53,0.00,-2.67,-530.65,3.56,-80.27,6.89,-37.21,-783.08,-173.17,202606.00,-1.07,-1.28,27.67,3.05,-0.39
LIC Housing Fin.,500253,LICHSGFIN,INE115A01026,Finance,Housing Finance Company,542.90,5.20,29862.96,1.83,1499.03,9.90,7082.59,-1.44,8.59,0.23,4.34,0.78,202606.00,104.33,27.25,24.69,6.70,1.37
Lime Chemicals,507759,,INE891G01011,Chemicals & Petrochemicals,Commodity Chemicals,14.14,,9.20,0.00,0.19,533.33,6.23,236.76,-2.05,35.77,-120.00,69.77,202606.00,-0.03,0.29,,2.67,0.50
M & M Fin. Serv.,532720,M&MFIN,INE774D01024,Finance,Non Banking Financial Company (NBFC),342.55,14.31,47620.96,2.16,927.48,75.43,5717.91,14.57,8.72,13.56,46.24,14.70,202606.00,23.40,6.66,11.83,4.82,1.50
Mac Charles(I),507836,MCCHRLS-B,INE435D01014,Leisure Services,Hotels & Resorts,665.15,,871.35,0.00,-19.41,7.26,32.23,47.84,4.96,305.27,43.94,1156.26,202606.00,-87.60,-14.82,,10.26,0.59
Mahasagar Travel,526795,,INE007G01014,Transport Services,Road Transport,6.50,,5.11,0.00,-0.10,-162.50,10.17,7.17,15.82,1.05,-102.94,-13.83,202606.00,-0.03,-0.13,27.87,14.90,0.94
Mahindra Holiday,533088,MHRIL,INE998I01010,Leisure Services,Hotels & Resorts,192.90,83.34,3897.91,0.00,-8.55,-210.04,732.81,4.48,8.12,6.85,-63.89,1.92,202606.00,2.62,-0.43,-14.37,4.92,1.63
Manappuram Fin.,531213,MANAPPURAM,INE522D01027,Finance,Non Banking Financial Company (NBFC),319.90,20.72,30049.38,0.61,584.77,322.45,3034.16,34.11,8.25,4.68,81.21,32.44,202606.00,15.97,6.22,-15.73,3.60,1.46
Manba Finance,544262,MANBA,INE939X01013,Finance,Non Banking Financial Company (NBFC),133.60,13.75,671.20,0.77,13.26,36.00,92.60,38.21,12.49,31.73,15.34,33.24,202606.00,9.73,2.64,-9.33,3.80,1.40
Manomay Tex Indi,540396,MANOMAY,INE784W01015,Textiles & Apparels,Other Textile Products,230.00,20.57,415.12,0.00,4.95,11.24,197.51,20.48,11.41,5.50,8.33,-2.85,202606.00,11.16,2.74,14.80,2.03,1.91
Mantra Capital,511577,,INE304E01010,Finance,Non Banking Financial Company (NBFC),17.99,,64.56,0.00,-3.96,-54.69,5.84,142.32,-9.31,248.06,-54.62,35.17,202606.00,-4.58,-1.11,,3.34,-0.71
Maral Overseas,521018,MARALOVER,INE882A01013,Textiles & Apparels,Other Textile Products,61.50,11.40,255.29,0.00,5.98,147.57,263.21,16.72,7.57,-0.30,173.80,206.57,202606.00,5.25,1.44,31.21,3.38,1.54
Maris Spinners,531503,,INE866D01010,Textiles & Apparels,Other Textile Products,39.94,12.49,32.64,0.00,3.63,906.67,48.05,26.12,7.96,7.62,353.40,132.18,202606.00,3.15,4.38,23.08,3.61,1.41
MAS FINANC SER,540749,MASFIN,INE348L01012,Finance,Non Banking Financial Company (NBFC),291.00,13.29,5280.30,0.69,110.15,26.78,562.46,20.70,11.30,23.12,22.62,18.29,202606.00,21.72,5.98,18.57,3.47,1.59
Mcleod Russel,532654,MCLEODRUSS,INE942G01012,Agricultural Food & other Products,Tea & Coffee,42.12,8.26,439.97,0.00,-13.38,69.23,261.11,21.02,-4.68,-0.39,124.17,-129.08,202606.00,-8.94,-1.28,29.67,33.57,-0.45
Minaxi Textiles,531456,,INE952C01028,Textiles & Apparels,Other Textile Products,1.38,136.31,6.82,0.00,0.10,-94.54,5.89,9.68,3.21,-6.48,-97.78,23.08,202606.00,0.01,0.02,19.21,2.90,1.13
Minolta Finance,532164,,INE514C01026,Finance,Non Banking Financial Company (NBFC),1.38,,69.00,0.00,0.47,213.33,4.91,139.51,6.31,421.48,-273.33,476.84,202606.00,-0.01,0.01,,19.11,0.83
Moneyboxx Fin.,538446,MONEYBOXX,INE296Q01012,Finance,Non Banking Financial Company (NBFC),44.96,239.59,313.86,0.00,0.21,-12.50,52.02,-11.86,9.05,5.86,146.45,24.89,202606.00,0.19,0.03,28.88,2.28,1.02
Morgan Ventures,526237,,INE902C01015,Finance,Non Banking Financial Company (NBFC),42.51,55.37,42.09,0.00,-2.34,-322.86,2.85,-48.46,8.96,-31.58,-96.63,-47.85,202606.00,0.77,-2.36,-11.44,2.10,1.23
Mudunuru,538743,,INE491C01027,IT - Software,Computers - Software & Consulting,8.18,,25.85,0.00,-0.82,-17.14,0.45,-15.09,-41.60,-53.72,-39.13,-364.00,202606.00,-0.61,-0.26,-6.56,10.22,-38.40
Mufin Green,542774,MUFIN,INE08KJ01020,Finance,Non Banking Financial Company (NBFC),133.50,69.30,2645.48,0.00,14.01,240.88,76.87,60.11,10.73,43.01,92.97,53.96,202606.00,2.02,0.71,38.43,2.43,1.38
Muthoot Cap.Serv,511766,MUTHOOTCAP,INE296G01013,Finance,Non Banking Financial Company (NBFC),227.35,14.86,373.93,0.00,8.12,273.88,155.53,7.11,10.26,22.00,-16.97,17.63,202606.00,14.57,4.94,-46.03,4.94,1.11
Muthoot Microfin,544055,MUTHOOTMF,INE046W01019,Finance,Microfinance Institutions,189.50,13.13,3230.80,0.00,81.34,1216.18,668.64,19.69,9.31,0.93,174.47,141.98,202606.00,14.39,4.77,-10.62,3.40,1.34
NDTV,532529,NDTV,INE155G01029,Entertainment,TV Broadcasting & Software Production,70.33,,793.47,0.00,-81.88,-16.00,117.23,8.90,-72.58,12.35,-37.07,-41.85,202606.00,-29.59,-7.24,,2.01,-10.49
Neo Infracon,514332,,INE216I01017,Realty,"Residential, Commercial Projects",45.86,49.68,24.35,0.00,-0.23,-227.78,0.82,-70.71,9.61,-49.45,-65.73,-52.34,202606.00,0.92,-0.43,93.94,2.08,1.63
Northern Arc,544260,NORTHARC,INE850M01015,Finance,Non Banking Financial Company (NBFC),293.65,10.83,4747.23,0.00,114.11,41.06,779.77,28.80,9.74,21.13,50.39,26.49,202606.00,27.19,7.07,-0.90,3.15,1.62
Nouveau Global,531465,,INE317B01042,Commercial Services & Supplies,Trading & Distributors,0.32,,5.93,0.00,-0.04,-233.33,0.00,,-2.28,,-1275.00,-8.45,202606.00,-0.03,0.00,13.04,21.05,-1.39
Olympic Cards,534190,,INE550L01013,Consumer Durables,Leisure Products,2.94,,4.79,0.00,-1.07,-4.90,2.52,16.67,-14.04,12.28,92.21,-38.12,202606.00,-0.19,-0.66,12.56,13.04,-0.61
Organic Coatings,531157,,INE412E01011,Chemicals & Petrochemicals,Specialty Chemicals,18.38,,18.33,0.00,-0.36,57.65,11.22,58.70,-24.06,40.36,13.98,10.07,202606.00,-2.78,-0.36,,508.00,-3.01
Orient Beverages,507690,,INE247F01018,Beverages,Other Beverages,161.00,8.16,34.78,0.00,2.11,24.12,53.49,14.12,12.17,10.98,80.85,106.42,202606.00,19.66,9.76,12.88,4.40,1.74
Paisalo Digital,532900,PAISALO,INE420C01059,Finance,Non Banking Financial Company (NBFC),84.22,30.33,7659.98,0.12,61.31,29.98,260.29,19.01,12.38,22.66,22.74,20.30,202606.00,2.76,0.67,34.78,2.43,1.85
Peninsula Land,503031,PENINLAND,INE138A01028,Realty,"Residential, Commercial Projects",15.25,,505.87,0.00,-7.72,-1348.32,23.40,-37.55,4.91,-50.66,-29.35,-159.11,202606.00,-4.71,-0.23,,4.24,0.26
Phyto Chem (I),524808,,INE037C01010,Fertilizers & Agrochemicals,Pesticides & Agrochemicals,16.50,,7.09,0.00,-0.90,-87.50,0.03,-98.00,-1.57,-30.87,-22100.00,-123.81,202606.00,-5.16,-2.09,,4.48,-0.49
Piramal Finance.,544597,PIRAMALFIN,INE202B01038,Finance,Housing Finance Company,2227.10,117.39,52699.97,0.49,460.98,66.80,3368.27,27.62,6.47,17.78,-22.65,25.11,202606.00,74.58,20.34,98.74,2.84,1.04
PNB Gilts,532366,PNBGILTS,INE859A01011,Finance,Investment Company,77.17,13.69,1389.14,2.62,80.70,-49.61,454.56,-19.30,6.14,-5.33,-70.08,-16.10,202606.00,5.68,4.48,60.30,14.56,1.10
PNB Housing,540173,PNBHOUSING,INE572E01012,Finance,Housing Finance Company,1137.45,12.61,29665.12,0.69,554.50,4.28,2252.50,9.14,9.44,10.35,15.12,11.75,202606.00,90.22,21.28,29.96,3.70,1.59
Polycon Intl.,531397,,INE262C01014,Industrial Products,Packaging,24.40,,11.94,0.00,-0.47,-80.77,4.25,-2.52,-2.65,-14.83,-46.92,-106.21,202606.00,-6.33,-0.96,,31.40,-0.55
Poonawalla Fin,524000,POONAWALLA,INE511C01022,Finance,Non Banking Financial Company (NBFC),433.05,48.48,38133.28,0.00,307.71,391.55,2330.22,77.34,7.51,72.47,340.37,215.64,202606.00,9.39,3.49,2.77,4.68,1.33
Popular Vehicles,544144,PVSL,INE772T01024,Automobiles,Auto Dealer,99.20,,706.28,0.00,1.37,115.64,1889.58,44.14,4.27,25.16,94.04,45.24,202606.00,-0.33,0.19,,2.24,0.87
Power Fin.Corpn.,532810,PFC,INE134E01011,Finance,Financial Institution,345.40,4.44,113985.60,5.29,8997.92,2.12,28526.86,-0.04,9.71,4.63,7.17,4.91,202606.00,78.93,21.25,17.71,7.00,1.62
Prec. Electronic,517258,,INE143C01024,Industrial Manufacturing,Industrial Products,164.00,,227.14,0.00,-2.36,-742.86,13.28,-40.34,7.15,12.64,-253.68,-5.31,202606.00,-1.05,-1.70,34.66,4.82,0.76
Prime Focus,532748,PFOCUS,INE367G01038,Entertainment,Media & Entertainment,319.30,139.30,24866.24,0.00,-45.78,-90.56,1266.81,23.81,11.28,29.17,18.87,54.91,202606.00,1.49,-0.53,-21.05,2.74,1.43
Pro Fin Capital,511557,,INE732K01027,Commercial Services & Supplies,Diversified Commercial Services,2.49,,147.58,0.00,2.51,-1.18,36.76,249.43,-0.08,-1654.14,92.35,56.20,202606.00,-0.04,0.04,,4.13,-0.29
Pun. & Sind Bank,533295,PSB,INE608A01012,Banks,Public Sector Bank,22.45,11.48,15929.58,1.73,331.51,23.16,3213.37,10.40,5.95,4.64,25.45,14.16,202606.00,1.95,0.47,-1.26,11.21,1.23
Punjab Natl.Bank,532461,PNB,INE160A01022,Banks,Public Sector Bank,115.30,6.02,132513.76,2.57,5834.77,174.29,33589.17,3.12,6.13,3.41,32.86,5.80,202606.00,19.22,5.06,73.95,11.79,1.31
Puravankara,532891,PURVA,INE323I01011,Realty,"Residential, Commercial Projects",206.90,30.64,4906.62,0.00,25.23,142.75,848.72,61.85,11.23,116.21,160.86,261.05,202606.00,6.76,1.22,1.97,3.13,1.28
Purple Style,544901,PERNIASPOP,INE0I1B01016,Retailing,Speciality Retail,545.00,,4363.29,0.00,,,,,-12.38,13.87,-155.20,-44.14,202603.00,-41.83,,25.96,2.44,-0.72
Qgo Finance,538646,,INE837C01013,Finance,Non Banking Financial Company (NBFC),39.01,7.57,27.12,1.54,0.99,26.92,5.76,36.82,13.46,19.64,20.54,15.66,202606.00,5.15,1.42,24.18,4.89,1.41
Quality Foils,,QFIL,INE0O1M01015,Industrial Products,Iron & Steel Products,63.00,12.23,17.98,0.00,0.65,8.33,89.75,21.56,7.00,22.07,301.37,89.62,202603.00,5.15,2.28,-6.00,2.08,1.46
Raconteur Global,541703,,INE00WY01013,Retailing,Speciality Retail,10.50,,18.93,0.00,-20.54,-7707.41,3.72,644.00,-5.55,644.00,-5162.50,-4864.71,202603.00,-19.80,-19.06,,5.33,-0.95
Raghuvir Synth,514316,,INE969C01022,Textiles & Apparels,Other Textile Products,90.55,,350.88,0.00,-3.58,-187.10,24.18,-73.14,1.40,-23.27,-114.17,-51.28,202603.00,-0.33,-0.92,23.21,2.27,0.52
Rainbow Foundat.,531694,,INE230F01014,Realty,"Residential, Commercial Projects",31.76,15.88,157.59,0.00,3.75,179.26,84.96,68.77,7.81,33.63,33.69,31.62,202606.00,1.92,0.76,77.97,5.50,1.39
Raja Bahadur Int,503127,,INE491N01016,Realty,"Residential, Commercial Projects",5025.00,966.36,125.63,0.00,-2.33,-92.56,7.55,8.63,7.06,6.32,126.00,18.41,202606.00,5.20,-93.20,31.17,23.88,1.26
Ratnabhumi Dev.,540796,,INE821Y01011,Realty,"Residential, Commercial Projects",174.00,193.80,238.38,0.00,0.07,-95.50,13.61,-52.26,11.04,-75.51,-78.57,-3.76,202606.00,0.90,0.07,139.00,2.75,1.09
RBL Bank,540065,RBLBANK,INE976G01028,Banks,Private Sector Bank,404.65,71.67,62758.81,0.24,253.70,26.64,3840.25,11.60,5.77,5.37,67.08,28.90,202606.00,11.73,1.64,-3.32,9.38,1.13
RDB Real Estate,544346,RRECL,INE0AK901016,Realty,"Residential, Commercial Projects",136.95,,360.30,0.00,-13.47,-4061.76,39.48,98.89,2.95,199.95,-4622.92,-36.27,202606.00,-9.46,-5.12,,2.24,0.35
Real Touch Fin,538611,,INE840I01014,Finance,Other Financial Services,41.40,10.49,52.55,0.00,1.16,-13.43,8.63,5.50,10.64,22.75,2.04,22.22,202606.00,3.95,0.91,25.59,4.91,1.34
REC Ltd,532955,RECLTD,INE020B01018,Finance,Financial Institution,311.75,5.22,82090.79,5.86,4192.76,-6.11,14434.92,-2.05,9.71,2.03,-4.97,0.05,202606.00,60.90,15.92,13.50,6.10,1.57
Remedium Life,539561,,INE549S01036,Commercial Services & Supplies,Trading & Distributors,0.26,10.77,22.93,0.00,8.62,,111.06,,,,,,202503.00,0.02,0.10,,10.34,1.57
Repco Home Fin,535322,REPCOHOME,INE612J01015,Finance,Housing Finance Company,345.85,4.46,2163.69,2.14,121.62,5.63,467.70,6.23,10.10,4.91,3.84,1.27,202606.00,77.03,19.44,14.53,3.02,1.59
Restaurant Brand,543248,RBA,INE07T201019,Leisure Services,Restaurants,95.60,,6807.47,0.00,-33.01,32.40,822.61,17.90,-0.47,13.29,17.88,27.59,202606.00,-2.89,-0.40,8.83,2.73,0.01
Revati Media,524504,,INE270D01015,Commercial Services & Supplies,Trading & Distributors,12.81,,3.84,0.00,-0.07,-16.67,0.00,,-10.63,,-18.52,-3.70,202606.00,,,,3.28,-7.00
Richfield Fin,539435,,INE201C01012,Finance,Other Financial Services,19.10,30.23,18.45,0.00,0.34,277.78,4.90,123.74,9.08,156.19,238.89,1295.35,202606.00,0.76,0.35,200.68,4.72,1.14
Royal Orch.Hotel,532699,ROHLTD,INE283H01019,Leisure Services,Hotels & Resorts,299.90,30.87,822.45,0.83,6.80,-41.32,107.21,36.11,10.84,26.86,-46.00,23.75,202606.00,10.09,2.34,-13.01,2.48,1.62
RPSG Ventures,542333,RPSGVENT,INE425Y01011,Commercial Services & Supplies,Business Process Outsourcing (BPO)/ Knowledge Process Outsourcing (KPO),848.00,,2805.72,0.00,253.09,34.95,3576.44,20.36,10.61,18.53,-72.76,22.19,202606.00,-39.29,27.53,5.61,3.29,1.49
S.A.L Steel,532604,SALSTEEL,INE658G01014,Ferrous Metals,Sponge Iron,70.91,,1026.57,0.00,3.09,131.95,87.37,-31.57,1.08,-70.23,80.39,168.56,202606.00,1.19,0.21,,2.38,1.05
Sainik Finance,530265,,INE584B01013,Cement & Cement Products,Cement & Cement Products,39.00,10.24,42.46,0.00,0.92,-3.16,4.42,22.10,10.57,6.06,-34.13,0.39,202606.00,3.81,0.85,264.26,2.17,1.43
Sakthi Finance,511066,,INE302E01014,Finance,Investment Company,27.05,10.12,175.03,2.95,4.18,1.46,51.00,-5.12,10.87,-3.51,2.55,1.89,202606.00,2.68,0.65,11.33,4.84,1.19
Sakthi Sugars,507315,SAKHTISUG,INE623A01011,Agricultural Food & other Products,Sugar,19.14,8.31,227.48,0.00,-1.83,-66.36,376.91,24.63,14.08,16.25,110.85,69.61,202606.00,2.31,-0.15,29.97,3.16,1.39
Salguti Industri,526554,,INE159C01012,Industrial Products,Packaging,30.40,,22.92,0.00,0.02,-33.33,31.11,37.78,5.65,27.68,48.15,102.30,202606.00,-0.19,0.03,,4.15,0.87
Salona Cotspin,590056,SALONA,INE498E01010,Textiles & Apparels,Other Textile Products,263.70,60.60,138.78,0.38,2.26,47.71,196.60,25.14,8.26,0.65,-3.78,6.51,202606.00,4.35,4.29,-59.01,2.26,1.28
Sammaan Capital,535789,SAMMAANCAP,INE148I01020,Finance,Housing Finance Company,143.10,,16621.68,0.00,243.30,-27.22,1651.93,-31.18,4.92,-17.09,59.09,41.75,202606.00,-60.31,2.09,,2.73,0.58
Samrat Forgings,543229,,INE412J01010,Industrial Products,Castings & Forgings,215.65,23.55,107.83,0.00,1.24,18.10,48.16,-4.77,10.58,2.07,-4.78,-5.14,202606.00,9.16,2.48,-3.47,2.35,1.86
Saptarishi Agro,519238,,INE233P01017,Agricultural Food & other Products,Other Agricultural Products,28.00,,95.26,0.00,-1.29,-2250.00,30.23,67.76,6.06,-8.93,-121.60,-377.48,202606.00,-0.14,-0.38,14.05,3.49,0.73
Sarthak Global,530993,,INE075H01019,Commercial Services & Supplies,Trading & Distributors,32.50,,9.75,0.00,-0.07,-116.67,0.06,-92.68,4.27,-57.64,-223.08,-376.00,202606.00,-1.60,-0.23,-44.97,5.85,-0.07
Satin Creditcare,539404,SATIN,INE836B01017,Finance,Microfinance Institutions,213.45,5.77,2358.00,0.00,122.65,172.00,762.14,8.39,13.84,20.69,225.36,43.60,202606.00,37.09,11.10,278.43,3.84,1.42
Sayaji Industr,540728,SAYAJIIND,INE327G01032,Agricultural Food & other Products,Other Agricultural Products,116.25,23.62,293.87,0.00,7.33,283.07,288.08,5.93,8.20,8.51,202.22,669.58,202606.00,4.92,2.78,17.32,2.45,1.63
SBI,500112,SBIN,INE062A01020,Banks,Public Sector Bank,974.70,10.75,899708.20,1.74,25120.89,13.73,136240.49,8.36,6.13,5.52,5.76,-0.01,202606.00,93.40,26.12,13.10,11.08,1.36
SecureKloud Tech,512161,SECURKLOUD,INE650K01021,IT - Services,IT Enabled Services,16.98,,56.74,0.00,-1.68,79.79,13.51,-59.88,-5.97,-66.41,0.44,56.50,202606.00,-4.32,-0.51,20.26,4.35,-1.26
Sh. Karthik Pap.,516106,,INE538D01015,"Paper, Forest & Jute Products",Paper & Paper Products,7.81,,14.92,0.00,0.19,-42.42,18.56,16.36,2.16,10.87,-210.00,-8.00,202606.00,0.11,0.10,,8.05,0.79
Shahi Shipping,526508,,INE825D01016,Transport Services,Shipping,11.51,,16.68,0.00,-0.75,-141.94,0.88,-50.00,-16.67,-39.87,-49.66,-160.42,202606.00,-1.56,-0.52,,18.29,-5.11
Shalimar Wires,532455,,INE655D01025,Textiles & Apparels,Other Textile Products,17.86,8.59,76.36,0.00,2.20,117.82,37.40,13.89,16.74,12.15,307.80,28.96,202606.00,1.64,0.51,145.56,2.12,1.61
Shanti Overseas,,SHANTI,INE933X01016,Agricultural Food & other Products,Edible Oil,6.10,,6.78,0.00,0.03,-82.35,0.00,-100.00,-14.31,-58.13,-230.34,-112.96,202606.00,-6.96,0.03,-19.25,4.04,-6.91
Sharika Enterpr.,540786,,INE669Y01022,Commercial Services & Supplies,Trading & Distributors,18.42,,79.78,0.00,0.30,121.88,22.20,26.71,-21.98,-1.38,-2191.25,-515.75,202606.00,-1.61,0.08,,2.14,-1.92
Shiva Cement,532323,SHIVACEM,INE555C01029,Cement & Cement Products,Cement & Cement Products,15.70,,463.17,0.00,-21.35,29.49,151.49,43.44,-1.43,50.25,24.06,253.74,202606.00,-3.95,-0.72,,24.94,-0.03
Shivagrico Impl.,522237,,INE092H01014,Industrial Manufacturing,Industrial Products,23.00,25.60,11.52,0.00,0.06,,11.73,-0.42,6.90,0.61,32.35,3.07,202606.00,0.90,0.12,135.13,2.12,1.71
Shivam Autotech,532776,SHIVAMAUTO,INE637H01024,Auto Components,Auto Components & Equipments,16.88,,221.97,0.00,-20.99,-18.86,109.58,20.78,-1.28,-0.77,-48.53,-7.25,202606.00,-6.44,-1.60,,10.76,0.02
Shoppers Stop,532638,SHOPERSTOP,INE498B01024,Retailing,Diversified Retail,401.55,,4425.30,0.00,-14.25,9.47,1291.41,11.22,7.03,9.62,-205.38,3.10,202606.00,-3.14,-1.29,,11.40,0.89
Shree Vasu Logis,,SVLL,INE00CE01017,Transport Services,Logistics Solution Provider,792.00,127.14,910.28,0.00,3.25,73.80,64.75,30.15,14.36,47.40,116.97,47.79,202606.00,6.23,2.83,41.16,5.09,1.48
Shri Keshav,530977,,INE260E01014,Cement & Cement Products,Cement & Cement Products,100.00,,175.14,0.00,-5.17,-267.31,47.19,15.92,6.25,27.38,-204.12,21.85,202606.00,-8.44,-2.95,,2.64,0.66
Shriram Finance,511218,SHRIRAMFIN,INE721A01047,Finance,Non Banking Financial Company (NBFC),987.90,20.47,232457.36,1.06,3452.77,59.89,13400.43,16.16,11.49,14.20,33.03,17.20,202606.00,56.48,14.67,18.40,3.80,1.70
Sical Logistics,520086,SICALLOG,INE075B01020,Transport Services,Logistics Solution Provider,95.60,3091.02,762.75,0.00,21.24,203.56,132.58,35.92,9.85,51.67,100.85,87.14,202606.00,4.13,2.52,26.79,3.69,1.10
SJ Corp,504398,,INE312B01027,Consumer Durables,"Gems, Jewellery And Watches",188.10,815.51,815.51,0.00,1.54,413.33,55.43,831.60,0.14,60.03,-20.00,-287.50,202603.00,-0.06,0.36,,3.32,0.58
SJVN,533206,SJVN,INE002L01015,Power,Power Generation,64.66,39.71,25410.02,2.28,224.74,-1.25,1394.38,51.98,5.73,60.47,-7.40,51.42,202606.00,1.63,0.57,-22.34,2.27,1.76
Smartworks Cowor,544447,SMARTWORKS,INE0NAZ01010,Commercial Services & Supplies,Diversified Commercial Services,523.50,214.87,5987.82,0.00,13.15,413.10,546.25,44.05,8.30,36.32,162.83,39.05,202606.00,2.44,1.15,27.46,9.00,1.10
Sonal Adhesives,526901,,INE344I01017,Chemicals & Petrochemicals,Commodity Chemicals,43.05,19.61,26.09,0.00,0.23,-48.89,27.52,-2.72,12.87,10.51,-15.82,-9.81,202606.00,1.91,0.38,-14.08,2.10,1.88
Soni Medicare,539378,,INE848R01018,Healthcare Services,Hospital,69.35,,29.58,0.00,-1.20,-313.79,4.78,-36.18,-12.07,-25.07,-1005.00,-185.94,202606.00,-8.49,-2.81,,8.16,-1.60
South Ind.Bank,532218,SOUTHBANK,INE683A01023,Banks,Private Sector Bank,45.13,7.82,11820.86,0.96,377.63,17.29,2627.81,11.23,6.42,6.88,13.54,16.50,202606.00,5.77,1.44,23.30,10.97,1.31
Space Incubatric,541890,,INE797Z01028,IT - Software,Computers - Software & Consulting,0.18,,6.23,0.00,-9.70,-19500.00,10.63,,0.35,,-146.67,30.30,202603.00,-0.01,-0.28,,2.49,0.16
Spel Semiconduct,517166,SPELS,INE252A01019,Electrical Equipment,Other Electrical Equipment,138.55,,639.00,0.00,-1.34,44.86,0.08,-95.85,0.06,-42.30,56.56,74.53,202606.00,-4.25,-0.29,,6.84,-0.07
SRG Housing,534680,SRGHFL,INE559N01010,Finance,Housing Finance Company,140.40,6.45,220.53,0.00,8.47,24.93,53.95,26.58,11.77,30.60,35.05,31.85,202606.00,21.78,5.39,16.39,2.89,1.50
Sri Havisha,531322,HAVISHA,INE293B01029,Leisure Services,Hotels & Resorts,1.30,,19.95,0.00,-1.82,-2.25,2.88,3.23,-1.34,-7.36,-15.75,-90.29,202606.00,-0.33,-0.12,,2.37,-0.18
Sri Nacha. Cott.,521234,,INE443E01016,Textiles & Apparels,Other Textile Products,27.00,,11.60,0.00,-0.15,-25.00,12.91,-7.19,-5.16,-3.86,-295.34,-27.78,202606.00,-21.70,-0.35,,3.98,-0.56
Star Housing Fin,539017,,INE526R01028,Finance,Housing Finance Company,4.83,5.74,38.13,2.07,0.49,-75.98,25.82,7.45,12.10,23.79,-38.86,22.44,202512.00,0.47,0.03,146.13,2.67,1.16
Std. Capital Mkt,511700,,INE625D01028,Finance,Non Banking Financial Company (NBFC),0.35,30.37,85.89,0.00,-62.82,-523.03,10.83,-81.50,16.80,124.04,-93.18,82.60,202606.00,0.01,-0.26,178.56,5.00,1.10
Steelco Gujarat,500399,,INE629B01032,Industrial Products,Iron & Steel Products,238.15,,149.94,0.00,-14.98,-222.84,52.18,15712.12,-12.21,2527.86,-116.41,-119.45,202606.00,-34.74,-23.79,,83.38,-1.04
Steelman Telecom,543622,,INE0MSK01016,Telecom - Services,Other Telecom Services,72.00,,69.67,0.00,-5.80,-271.14,113.50,-12.31,-3.56,-0.27,-342.93,188.26,202603.00,-6.47,-3.56,,2.75,-0.51
Sundaram Finance,590071,SUNDARMFIN,INE660A01013,Finance,Non Banking Financial Company (NBFC),4743.50,23.17,52702.06,0.82,636.19,33.88,2644.13,12.57,9.44,13.75,18.63,12.72,202606.00,199.81,57.26,16.75,4.68,1.61
Sunil Agro Foods,530953,,INE224D01012,Agricultural Food & other Products,Other Agricultural Products,79.95,42.12,24.01,0.00,0.10,233.33,40.51,-21.60,8.95,-20.03,170.37,72.75,202606.00,1.57,0.33,-21.24,2.50,1.19
Supra Pacific,540168,,INE268T01015,Finance,Non Banking Financial Company (NBFC),34.24,18.01,168.25,0.59,2.67,117.07,24.01,31.49,12.09,66.68,307.42,87.56,202606.00,1.81,0.54,135.59,3.09,1.24
Supreme Infra.,532904,SUPREMEINF,INE550H01011,Construction,Civil Construction,84.21,,821.07,0.00,-59.17,85.21,24.12,189.90,,69.66,77.72,110.67,202606.00,634.53,-6.07,22.51,6.25,0.00
Suryoday Small,543279,SURYODAY,INE428Q01011,Banks,Other Bank,145.65,8.06,1548.18,1.02,75.18,113.10,622.36,25.69,7.33,16.66,139.27,31.36,202606.00,18.05,7.07,24.99,8.24,1.23
Swan Defence,533107,SWANDEF,INE542F01020,Industrial Manufacturing,Ship Building & Allied Services,2655.00,,13987.11,0.00,-41.68,-35.37,30.61,7188.10,-7.60,4092.35,-49.74,-167.61,202606.00,-44.96,-7.91,,40.03,-7.95
Synergy Green,541929,SGIL,INE00QT01015,Industrial Products,Castings & Forgings,595.00,,924.82,0.17,-10.11,-399.11,75.15,-10.06,9.24,-2.47,-152.45,-38.48,202606.00,-5.68,-6.50,86.14,2.25,0.67
T N Merc. Bank,543596,TMB,INE668A01016,Banks,Private Sector Bank,875.00,9.66,13855.77,1.43,411.51,34.97,1662.43,19.92,7.51,12.96,20.33,16.41,202606.00,91.20,25.99,9.12,6.24,1.58
Tarapur Trans,533203,TARAPUR,INE747K01017,Electrical Equipment,Heavy Electrical Equipment,12.37,,24.12,0.00,-0.44,-540.00,0.00,,2.60,,90.63,30.50,202606.00,-1.22,-0.23,23.60,16.11,-0.26
Tata Capital,544574,TATACAP,INE976I01016,Finance,Non Banking Financial Company (NBFC),354.20,27.70,150353.27,0.16,1628.18,56.32,8821.93,15.10,8.58,11.09,29.63,12.35,202606.00,12.86,3.65,10.49,5.15,1.45
TIL,505196,TIL,INE806C01018,"Agricultural, Commercial & Construction Vehicles",Construction Vehicles,245.00,,2015.48,0.00,-4.75,18.97,117.13,86.19,2.90,21.29,-943.91,81.98,202606.00,-3.74,-0.66,22.76,3.44,0.36
Transgene Biotek,526139,,INE773D01018,Healthcare Services,Healthcare Service Provider,2.68,,20.29,0.00,-0.39,9.30,0.06,20.00,-2.36,-22.22,-23.85,43.37,202606.00,-0.21,-0.05,19.94,2.05,-0.46
TruCap Finance,540268,TRU,INE615R01029,Finance,Non Banking Financial Company (NBFC),4.30,,51.11,0.00,-10.40,-17.25,11.27,-62.46,-14.42,-63.51,-33.92,-1516.17,202606.00,-8.66,-0.87,,6.29,-1.30
Tulsyan NEC,513629,,INE463D01016,Industrial Products,Iron & Steel Products,28.00,,46.09,0.00,-21.41,-108.88,146.70,-42.98,-3.12,-18.04,9.47,-271.15,202606.00,-45.86,-13.01,,2.19,0.02
UCO Bank,532505,UCOBANK,INE691A01018,Banks,Public Sector Bank,23.76,10.58,29793.98,1.83,656.32,8.05,6996.00,8.70,5.55,5.35,12.60,20.24,202606.00,2.25,0.52,12.32,10.50,1.37
Ugar Sugar Works,530363,UGARSUGAR,INE071E01023,Agricultural Food & other Products,Sugar,53.50,20.89,601.91,0.18,1.49,110.85,477.88,34.11,9.00,17.18,258.90,221.18,202606.00,2.56,0.13,-49.07,2.86,1.49
Ugro Capital,511742,UGROCAP,INE583D01011,Finance,Non Banking Financial Company (NBFC),83.14,9.24,1291.04,0.00,60.71,77.88,417.41,0.82,10.12,16.54,-5.25,17.32,202606.00,9.93,3.91,17.86,3.24,1.17
Ujjivan Small,542904,UJJIVANSFB,INE551W01018,Banks,Other Bank,64.39,13.85,12546.62,0.00,316.54,206.67,2024.92,25.08,7.73,14.72,71.50,22.56,202606.00,4.67,1.63,-14.09,7.25,1.38
Union Bank (I),532477,UNIONBANK,INE692A01016,Banks,Public Sector Bank,175.15,6.47,133702.62,2.82,5641.52,27.41,27427.10,1.21,6.30,-1.33,9.73,-0.45,202606.00,27.04,7.39,26.88,9.74,1.38
Uniroyal Marine,526113,,INE602H01010,Food Products,Seafood,17.00,,11.02,0.00,-1.22,-913.33,3.20,-29.82,10.98,-4.65,-219.57,-169.49,202606.00,-1.70,-1.88,48.67,19.84,0.08
United Foodbrands,543283,UFBL,INE382M01027,Leisure Services,Restaurants,668.00,,2613.08,0.00,2.30,118.83,425.90,43.41,1.52,19.87,-0.79,5.04,202606.00,-10.14,0.79,,2.85,0.45
Utkarsh Small F.,543942,UTKARSHBNK,INE735W01017,Banks,Other Bank,14.25,,2535.81,0.00,-33.92,85.84,883.56,0.30,1.46,-8.11,-167.70,-66.68,202606.00,-5.31,-0.19,,8.82,0.35
V I P Inds.,507880,VIPIND,INE054A01027,Consumer Durables,Plastic Products - Consumer,292.50,,4155.06,0.00,-53.56,-259.70,578.36,3.02,-28.89,-10.75,-375.47,-580.27,202606.00,-26.64,-3.77,,2.55,-5.47
Vani Commercials,538918,,INE661Q01017,Finance,Non Banking Financial Company (NBFC),8.87,63.63,26.08,0.00,0.25,25.00,1.58,20.61,4.51,68.44,38.46,70.16,202603.00,0.12,0.09,,2.22,1.48
Veejay Lak. Eng.,522267,,INE466D01019,Industrial Manufacturing,Industrial Products,39.03,,19.79,0.00,-0.34,79.76,15.81,-22.19,-6.75,-9.85,-25.54,-58.37,202606.00,-8.16,-0.67,17.10,2.95,-0.75
Vijay Textiles,530151,,INE256G01033,Textiles & Apparels,Other Textile Products,3.60,,6.60,0.00,-3.83,80.03,1.41,-53.77,-2.20,-39.49,38.56,-303.85,202503.00,-7.89,-2.09,5.42,7.04,-0.65
Visagar Polytex,506146,VIVIDHA,INE370E01029,Textiles & Apparels,Garments & Apparels,0.54,,15.79,0.00,-0.39,35.00,0.23,109.09,-17.81,118.18,27.72,34.57,202606.00,-0.05,-0.01,-3.45,5.62,-2.71
Vishvprabha Ven.,512064,,INE762D01011,Commercial Services & Supplies,Diversified Commercial Services,40.20,,12.53,0.00,0.12,116.90,3.04,-23.62,-0.77,-10.92,-25.00,7.88,202606.00,-2.57,0.38,,2.63,0.43
Westlife Food,505533,WESTLIFE,INE274F01020,Leisure Services,Restaurants,557.00,,8685.63,0.13,0.59,-52.03,735.64,11.86,6.34,6.75,-186.56,5.49,202606.00,2.03,0.04,,2.92,0.97
Wework India,544570,WEWORK,INE085001019,Commercial Services & Supplies,Diversified Commercial Services,673.40,108.05,9351.55,0.00,-4.58,68.65,680.20,27.39,20.57,27.10,-54.22,30.12,202606.00,6.10,-0.33,30.34,18.18,1.10
Wires & Fabriks,507817,,INE469D01013,Textiles & Apparels,Other Textile Products,162.00,165.23,49.57,0.06,0.05,400.00,29.16,4.33,5.52,4.60,-79.17,3.50,202606.00,0.98,0.16,-42.11,2.08,1.09
Worth Investment,538451,,INE114O01020,Finance,Investment Company,3.59,33.47,133.08,0.00,1.29,59.26,6.53,426.61,5.21,250.59,108.38,268.71,202606.00,0.11,0.03,18.34,6.64,1.53
Yash Innoventure,523650,,INE823D01011,Commercial Services & Supplies,Diversified Commercial Services,41.98,,67.29,0.00,-1.62,-526.32,0.00,-100.00,-8.89,-47.37,-45.01,-177.61,202606.00,-3.18,-1.01,-79.69,2.68,-3.10
Yes Bank,532648,YESBANK,INE528G01035,Banks,Private Sector Bank,23.21,19.22,72852.16,0.00,1071.81,32.54,8054.49,5.92,5.98,-0.45,37.81,-2.31,202606.00,1.20,0.34,63.92,7.32,1.24
