Name,BSE Code,NSE Code,ISIN Code,Industry Group,Industry,Current Price,Price to Earning,Market Capitalization,Dividend yield,Net Profit latest quarter,YOY Quarterly profit growth,Sales latest quarter,YOY Quarterly sales growth,Return on capital employed,Sales growth,Profit growth,Operating profit growth,TTM Result Date,EPS,EPS latest quarter,EPS growth 3Years,Profit growth 3Years,Sales growth 3Years
A C J K Exports,544743,AEROPLANE,INE05TO01019,Agricultural Food & other Products,Other Agricultural Products,197.70,16.52,2047.19,0.00,36.63,127.52,663.73,55.10,15.70,14.51,72.25,37.62,202606.00,13.59,3.54,-31.41,83.17,20.37
Aastha Spintex,544808,AASTHA,INE2FMX01012,Textiles & Apparels,Other Textile Products,76.87,13.82,339.32,0.13,3.09,35.53,77.47,-15.71,18.98,26.05,1.02,6.62,202603.00,7.50,0.98,168.38,181.88,22.76
Accent Microcell,,ACCENTMIC,INE0Q5D01013,Pharmaceuticals & Biotechnology,Pharmaceuticals,688.50,37.64,1651.64,0.14,25.79,55.36,209.67,51.34,24.88,31.92,32.67,35.27,202603.00,18.28,10.75,30.31,53.07,20.95
Adisoft Technol.,,ADISOFT,INE20PL01012,Industrial Manufacturing,Industrial Products,225.00,16.03,367.17,0.00,17.59,84.00,117.46,46.40,38.00,26.34,42.33,38.56,202603.00,19.09,14.65,-85.36,55.66,30.12
Advait Energy,543230,ADVAIT,INE0ALI01010,Electrical Equipment,Other Electrical Equipment,2009.35,38.07,2198.84,0.10,14.80,65.95,179.27,51.37,27.91,69.89,70.61,67.31,202606.00,52.79,12.69,78.76,82.99,89.99
Aegis Vopak Term,544407,AEGISVOPAK,INE0INX01018,Oil,Oil Storage & Transportation,300.95,123.15,33345.01,0.07,69.42,-6.96,233.77,12.39,7.56,26.06,42.89,27.92,202606.00,2.44,0.60,76.55,1471.83,37.73
Aelea Commoditi.,544213,,INE0T3401029,Agricultural Food & other Products,Other Agricultural Products,150.00,14.35,305.54,0.00,12.61,583.14,207.81,120.14,18.84,109.45,695.15,395.18,202603.00,10.47,6.19,-86.01,123.45,51.85
Airfloa Rail,544516,,INE0XBS01012,Industrial Manufacturing,Industrial Products,530.00,32.45,1270.40,0.00,27.07,68.77,229.06,113.54,25.87,66.12,53.53,33.04,202603.00,16.33,11.29,76.25,197.29,49.75
Algoquant Fin,505725,ALGOQUANT,INE598D01035,Finance,Other Financial Services,64.46,40.49,1811.97,0.00,16.52,263.08,77.87,42.88,31.43,15.86,135.42,89.95,202606.00,1.59,0.59,119.82,136.18,159.59
Alpex Solar,,ALPEXSOLAR,INE0R4701017,Electrical Equipment,Other Electrical Equipment,923.95,11.76,2360.06,0.00,39.87,-5.72,503.42,32.37,43.53,116.51,60.98,80.16,202606.00,78.33,15.61,,276.44,125.19
Anand Rathi Shar,544530,ARSSBL,INE549H01021,Capital Markets,Stockbroking & Allied,482.50,20.65,3042.91,1.02,23.51,67.57,245.68,22.22,19.82,17.09,53.07,29.85,202606.00,21.02,3.73,2.76,50.01,25.81
Anant Raj,515055,ANANTRAJ,INE242C01024,Realty,"Residential, Commercial Projects",586.70,36.46,21113.97,0.17,149.19,18.88,631.40,6.58,12.07,16.97,25.67,27.63,202606.00,16.26,4.16,48.33,53.60,37.94
Annu Projects,544893,ANNU,INE103001017,Construction,Civil Construction,55.57,11.03,363.94,0.00,,,,,28.63,33.98,60.30,54.81,202603.00,6.91,,-36.68,65.63,23.23
Arkade,544261,ARKADE,INE0QRL01017,Realty,"Residential, Commercial Projects",117.85,12.34,2188.01,0.82,19.08,-33.66,146.97,-7.83,18.92,12.10,14.29,-7.89,202606.00,-0.23,1.03,-66.26,52.76,54.78
Arvind SmartSp.,539301,ARVSMART,INE034S01021,Realty,"Residential, Commercial Projects",562.00,14.01,2579.41,0.40,97.39,785.60,317.63,212.14,12.37,5.31,55.16,58.97,202606.00,40.17,21.59,50.93,51.54,30.14
Ashiana Housing,523716,ASHIANA,INE365D01021,Realty,"Residential, Commercial Projects",341.00,28.99,3427.90,0.72,13.11,3.07,107.44,-63.30,14.03,37.13,195.43,256.52,202606.00,11.77,1.30,61.49,60.53,40.78
Asian Energy,530355,ASIANENE,INE276G01015,Oil,Oil Equipment & Services,486.70,36.61,2367.69,0.23,12.76,115.50,271.19,135.06,16.51,82.01,41.59,47.22,202606.00,12.62,2.46,48.53,51.93,93.05
ASM Technologies,526433,,INE867C01010,IT - Software,Computers - Software & Consulting,6515.00,130.09,9503.26,0.23,26.82,72.25,198.82,61.75,26.95,68.31,86.64,74.45,202606.00,49.37,18.39,70.49,87.31,33.85
Augmont Enterpri,544888,AUGMONT,INE16W401027,Non - Ferrous Metals,Precious Metals,833.40,22.84,7615.10,0.00,,,,,68.52,42.21,53.51,26.85,202603.00,39.99,,-23.46,102.63,45.60
Authum Invest,539177,AIIL,INE206F01022,Finance,Non Banking Financial Company (NBFC),531.05,21.58,45098.09,0.02,1114.81,18.43,1448.22,19.65,13.63,-36.77,-48.91,-39.24,202606.00,24.65,13.13,99.92,99.92,89.07
Azad Engineering,544061,AZAD,INE02IJ01035,Electrical Equipment,Heavy Electrical Equipment,2743.10,127.49,17715.43,0.00,35.16,20.29,172.60,25.90,11.92,28.72,39.10,35.46,202606.00,21.52,5.54,-26.24,150.34,33.81
Balu Forge,531112,BALUFORGE,INE011E01029,Industrial Products,Castings & Forgings,499.50,22.63,6063.49,0.03,66.09,15.89,300.71,28.95,22.72,19.70,18.18,11.37,202606.00,22.75,5.44,65.90,88.04,50.22
Bizotic Commer.,543926,,INE0OJ401014,Textiles & Apparels,Garments & Apparels,110.95,35.76,641.87,0.00,9.71,146.45,177.00,199.54,26.79,124.04,318.41,263.61,202603.00,3.21,1.72,58.82,88.27,56.71
BLS Internat.,540073,BLS,INE153T01027,Leisure Services,"Tour, Travel Related Services",231.00,13.49,9511.23,1.06,201.63,11.15,890.53,25.33,29.34,31.81,24.91,23.79,202606.00,17.14,4.62,50.09,50.20,25.52
Bondada Engineer,543971,,INE0Q8P01029,Telecom - Services,Telecom - Infrastructure,277.20,14.24,3095.55,0.10,53.93,38.24,691.65,23.99,39.43,80.96,90.09,91.69,202606.00,19.54,4.74,101.30,125.39,97.22
Borosil Renew.,502219,BORORENEW,INE666D01022,Industrial Products,Glass - Industrial,465.35,17.03,6849.18,0.00,87.71,156.91,405.69,22.10,26.62,33.98,463.85,127.47,202606.00,27.33,6.25,56.78,60.57,30.69
Captain Polyplas,536974,CPL,INE536P01021,Industrial Products,Plastic Products - Industrial,63.50,13.59,382.13,0.00,4.66,8.37,81.16,16.38,18.61,46.96,46.41,41.84,202606.00,4.69,0.77,56.82,66.39,22.93
Ceinsys Tech,538734,CEINSYS,INE016Q01014,IT - Software,Computers - Software & Consulting,678.55,10.66,1420.73,0.50,30.95,-2.18,157.79,0.76,27.46,32.16,61.26,62.34,202606.00,68.75,14.78,47.54,63.33,44.39
Cemindia Project,509496,CEMPRO,INE686A01026,Construction,Civil Construction,1222.00,34.93,20992.42,0.24,140.83,2.62,2720.92,5.61,32.76,8.91,46.85,19.43,202606.00,35.02,8.20,68.21,68.21,25.49
CFF Fluid,543920,,INE0NJ001013,Aerospace & Defense,Aerospace & Defense,976.00,52.19,2047.08,0.13,20.07,104.80,104.61,59.64,23.50,43.40,64.51,45.05,202603.00,18.69,9.57,38.03,56.92,43.48
Chalet Hotels,542399,CHALET,INE427F01016,Leisure Services,Hotels & Resorts,852.75,34.90,18674.72,0.23,86.13,-54.44,512.27,-42.73,17.01,6.05,87.78,11.67,202606.00,24.13,3.93,56.33,59.81,34.89
Choice Intl.,531358,CHOICEIN,INE102B01014,Finance,Holding Company,745.50,72.84,16607.96,0.00,60.61,22.83,309.79,32.04,17.96,26.47,32.48,33.72,202606.00,10.44,2.48,47.92,53.59,41.74
CIAN Agro,519477,,INE052V01019,Agricultural Food & other Products,Edible Oil,1267.00,11.02,3545.83,0.00,149.70,186.73,586.66,14.85,12.27,51.75,245.40,124.61,202606.00,115.11,53.49,722.02,722.02,97.51
Complete Sports and Management,544900,,INE2K6801014,Leisure Services,Amusement Parks/ Other Recreation,150.00,17.18,308.40,0.00,,,,,65.05,2.91,57.32,56.47,202603.00,11.96,,,143.71,54.37
Connplex Cinemas,,CONNPLEX,INE0EAS01014,Entertainment,"Film Production, Distribution & Exhibition",250.00,18.42,477.51,0.00,13.03,38.91,83.46,51.97,43.55,54.29,42.94,33.90,202603.00,13.65,6.82,-25.66,150.38,79.82
D.P. Abhushan,544161,DPABHUSHAN,INE266Y01019,Consumer Durables,"Gems, Jewellery And Watches",1344.00,12.79,3068.06,0.00,64.45,76.96,852.40,57.74,39.57,30.80,93.37,81.42,202606.00,105.07,28.23,65.79,67.20,27.29
Danish Power,,DANISH,INE0YU901016,Electrical Equipment,Heavy Electrical Equipment,982.00,27.64,1933.70,0.20,41.17,9.23,309.84,18.61,23.75,22.57,20.02,11.17,202603.00,35.55,20.91,,101.01,40.41
DEE Development,544198,DEEDEV,INE841L01016,Industrial Manufacturing,Industrial Products,612.55,56.21,4608.77,0.16,16.08,22.35,294.46,31.60,10.69,40.01,52.85,52.08,202606.00,11.60,2.33,0.67,88.15,24.24
Deep Industries,543288,DEEPINDS,INE0FHS01024,Oil,Oil Equipment & Services,732.70,11.34,4689.28,0.32,89.14,45.12,278.92,39.81,16.47,48.75,132.59,45.47,202606.00,32.26,13.34,62.00,62.00,37.67
Deepa Jewellers,544903,DEEPA,INE1M2N01020,Consumer Durables,"Gems, Jewellery And Watches",171.90,15.75,1652.45,0.00,48.61,,812.19,,51.56,37.91,158.23,161.30,202603.00,12.78,118.56,-38.03,68.20,27.88
Delton Cables,504240,,INE872E01016,Electrical Equipment,Other Electrical Equipment,731.00,33.04,631.62,0.27,7.59,146.43,286.36,83.18,16.55,54.60,36.27,49.50,202606.00,22.26,8.78,193.63,193.63,53.61
Emmvee Photovol.,544608,EMMVEE,INE1C6T01020,Electrical Equipment,Other Electrical Equipment,336.60,18.33,23304.33,0.00,380.29,102.64,1555.52,51.34,44.83,84.07,140.80,92.10,202606.00,18.98,5.49,23.55,394.58,101.40
Entero Healthcar,544122,ENTERO,INE010601016,Retailing,Pharmacy Retail,1803.50,60.85,7849.41,0.00,52.05,37.27,1940.50,38.23,10.47,31.94,25.84,63.44,202606.00,28.82,8.77,43.71,130.48,25.93
Enviro Infra,544290,EIEL,INE0LLY01014,Other Utilities,Water Supply & Management,198.40,19.03,3482.52,0.00,45.22,-12.52,359.18,49.09,20.18,15.49,-3.82,5.52,202606.00,10.30,2.27,-20.84,50.36,50.20
EPack PrefabTech,544540,EPACKPEB,INE0MLS01022,Industrial Manufacturing,Industrial Products,226.90,24.09,2283.28,0.00,18.17,13.35,365.84,23.87,21.71,37.53,52.62,35.54,202606.00,9.43,1.81,-46.82,57.46,32.43
Fedders Holding,511628,FEDDERSHOL,INE417D01020,Finance,Non Banking Financial Company (NBFC),49.20,12.99,990.99,0.00,10.82,-22.20,68.88,-11.01,11.19,-6.75,168.05,-267.99,202606.00,4.25,0.54,-9.79,61.65,37.71
Felix Industries,,FELIX,INE901X01013,Other Utilities,Water Supply & Management,204.00,17.45,351.00,0.00,5.51,53.66,28.22,36.86,19.28,122.11,79.64,137.94,202606.00,11.69,3.30,66.18,149.35,74.07
Fischer Medical,524743,FISCHER,INE771F01041,Healthcare Equipment & Supplies,Medical Equipment & Supplies,34.37,98.10,2401.37,0.14,3.79,-22.02,81.92,249.49,11.38,195.82,286.12,514.25,202606.00,0.38,0.06,58.93,819.53,1096.83
Force Motors,500033,FORCEMOT,INE451A01017,Automobiles,Passenger Cars & Utility Vehicles,17285.95,20.69,22776.44,0.28,216.59,22.82,2440.01,6.21,36.05,8.44,82.00,27.39,202606.00,950.08,164.36,209.44,209.44,21.67
Freshara Agro,,FRESHARA,INE0SFW01015,Food Products,Other Food Products,460.75,29.89,1082.72,0.00,21.31,22.40,179.16,18.92,20.92,25.09,27.04,30.96,202603.00,15.41,9.07,,58.59,35.51
FSN E-Commerce,543384,NYKAA,INE388Y01029,Retailing,E-Retail/ E-Commerce,339.45,365.17,97228.58,0.00,79.76,243.10,2782.00,29.10,17.23,27.41,233.75,63.50,202606.00,0.89,0.28,121.25,121.53,24.90
Fujiyama Power,544613,UTLSOLAR,INE12UR01024,Electrical Equipment,Other Electrical Equipment,421.90,30.96,12948.13,0.00,57.80,168.56,1345.69,125.28,35.14,94.97,131.34,122.44,202606.00,9.80,1.88,-17.62,132.40,58.74
Garden Reach Sh.,542011,GRSE,INE382Z01011,Aerospace & Defense,Aerospace & Defense,2360.00,33.76,27034.27,0.54,172.84,43.82,1814.62,38.53,42.82,39.64,42.86,74.68,202606.00,69.89,15.09,50.20,50.20,39.83
GE Vernova T&D,522275,GVT&D,INE200A01026,Electrical Equipment,Heavy Electrical Equipment,4252.85,80.63,108894.22,0.22,362.99,24.65,1836.14,38.04,77.44,43.91,76.51,71.55,202606.00,50.97,14.18,489.90,489.90,30.80
GK Energy,544525,GKENERGY,INE1AG301022,Construction,Civil Construction,124.65,11.28,2528.12,0.39,59.67,61.53,505.19,71.09,40.87,40.71,46.17,43.07,202606.00,11.04,2.94,-49.61,171.29,75.19
GNG Electronics,544455,EBGNG,INE18JU01028,IT - Hardware,Computers Hardware & Equipments,675.15,54.03,7697.51,0.00,28.93,56.21,412.46,32.08,20.30,35.64,88.87,72.38,202606.00,12.49,2.54,-88.89,59.15,41.98
HBL Engineering,517271,HBLENGINE,INE292B01021,Industrial Products,Other Industrial Products,717.85,24.80,19898.35,0.42,109.14,-25.07,638.03,6.03,59.30,62.97,133.59,125.54,202606.00,28.16,3.94,104.74,104.74,34.13
Hexagon Nutri.,544785,HEXAGON,INE0JUI01012,Food Products,Packaged Foods,65.00,19.17,798.94,0.46,9.83,64.26,101.40,60.29,,,,,202603.00,3.45,0.80,273.02,273.02,40.91
Hitachi Energy,543187,POWERINDIA,INE07Y701011,Electrical Equipment,Heavy Electrical Equipment,30200.00,112.94,134608.54,0.03,294.15,123.52,2493.69,68.62,29.36,40.17,135.80,112.70,202606.00,258.09,65.99,118.14,121.83,22.17
HRS Aluglaze,544656,,INE1E1V01017,Industrial Manufacturing,Industrial Products,255.90,48.28,493.43,0.00,5.68,311.59,41.20,89.25,18.87,60.37,98.45,67.66,202603.00,5.30,2.95,58.21,127.32,44.14
Indo SMC,544681,,INE0WKY01013,Electrical Equipment,Other Electrical Equipment,502.95,35.50,1149.51,0.00,20.93,344.37,197.20,186.09,33.91,123.33,109.72,100.38,202603.00,14.17,9.16,26.03,312.90,248.79
Indo Thai Sec.,533676,INDOTHAI,INE337M01021,Capital Markets,Stockbroking & Allied,39.33,7.61,522.45,0.51,11.03,28.70,20.62,46.87,34.58,217.64,497.74,498.76,202606.00,5.40,0.85,115.17,130.46,139.21
Innovision,544732,INNOVISION,INE0ADB01012,Transport Infrastructure,"Road AssetsToll, Annuity, Hybrid-Annuity",255.65,35.33,608.79,0.00,-7.35,-156.46,263.82,18.29,20.28,9.81,25.95,13.02,202606.00,8.59,-2.96,-37.36,63.05,56.56
Jain Resource,544537,JAINREC,INE0YD401026,Diversified Metals,Diversified Metals,277.30,26.24,9569.24,0.00,69.41,21.02,2724.46,75.86,25.66,65.35,66.12,59.97,202606.00,10.44,2.01,-23.90,56.07,46.04
Jaro Institute,544534,JARO,INE00YJ01010,Other Consumer Services,E-Learning,466.85,18.40,1039.68,1.06,11.17,48.34,70.75,16.61,22.09,12.52,34.84,4.43,202606.00,25.49,5.02,37.26,56.23,30.88
Jaykay Enter.,500306,JAYKAY,INE903A01025,Aerospace & Defense,Aerospace & Defense,158.35,58.61,2388.82,0.00,4.51,-78.19,74.57,34.48,8.18,117.55,85.18,466.39,202606.00,14.36,0.29,206.31,229.17,76.47
JD Cables,544524,,INE14VP01014,Industrial Products,Cables - Electricals,191.00,13.57,430.73,0.00,19.80,69.09,243.34,70.11,33.64,45.53,43.33,39.27,202603.00,14.07,8.78,-49.10,362.80,107.41
Jeena Sikho,544476,JSLL,INE0J5801029,Leisure Services,Wellness,502.55,26.41,6246.74,0.89,65.69,28.03,224.40,28.75,70.74,56.71,103.13,86.67,202606.00,19.03,5.28,88.23,88.18,57.83
Jyoti CNC Auto.,544081,JYOTICNC,INE980O01024,Industrial Manufacturing,Industrial Products,976.50,69.04,22207.91,0.00,57.14,-19.99,508.47,23.97,21.32,17.44,-4.40,7.72,202606.00,14.15,2.51,60.90,156.89,31.08
Kaynes Tech,543664,KAYNES,INE918Z01012,Industrial Manufacturing,Industrial Products,3403.00,65.87,22875.83,0.00,56.43,-24.37,946.02,40.47,12.69,34.85,9.39,33.16,202606.00,51.57,8.42,44.36,51.37,47.68
KP Green Engg.,544150,,INE0QVH01025,Electrical Equipment,Heavy Electrical Equipment,264.00,9.76,1320.00,0.20,77.44,66.47,713.50,65.06,36.69,79.33,83.48,124.45,202603.00,27.15,15.49,-37.02,123.42,122.06
Krishna Defence,,KRISHNADEF,INE0J5601015,Aerospace & Defense,Aerospace & Defense,1031.20,37.61,1541.39,0.12,11.67,32.92,57.60,-15.18,31.07,29.10,73.10,68.42,202606.00,27.47,7.81,76.63,93.00,56.93
KSH Internationa,544664,KSHINTL,INE987S01020,Industrial Products,Cables - Electricals,1066.50,55.15,7226.14,0.00,42.22,86.16,1164.24,108.38,21.46,80.67,64.04,59.14,202606.00,19.98,6.23,-67.24,61.23,43.59
Kwick Forensic,544895,,INE1SFA01019,Industrial Manufacturing,Industrial Products,147.60,23.38,316.39,0.00,,,,,51.41,62.56,58.18,56.07,202603.00,8.01,,-47.31,95.58,73.10
L. T. Elevator,544518,,INE0TJ801010,Industrial Manufacturing,Industrial Products,358.65,44.81,762.61,0.00,10.57,34.48,64.45,74.33,30.38,103.31,143.84,116.30,202603.00,8.88,5.52,54.96,149.19,47.84
Lalithaa Jewel,544879,LALITHAA,INE0K9O01026,Consumer Durables,"Gems, Jewellery And Watches",321.60,18.84,18000.26,0.00,208.38,-21.06,6039.56,26.19,37.98,48.18,178.65,123.28,202603.00,20.18,4.17,-53.01,63.35,23.23
Leela Palaces Hotels,544408,THELEELA,INE0AQ201015,Leisure Services,Hotels & Resorts,527.65,39.23,17621.27,0.00,48.76,456.44,351.96,28.08,8.73,19.10,240.90,21.50,202606.00,13.27,1.46,,105.68,21.10
Lodha Developers,543287,LODHA,INE670K01029,Realty,"Residential, Commercial Projects",1073.30,26.00,107258.68,0.38,1373.10,103.36,4996.70,43.10,16.41,26.04,39.20,39.02,202606.00,41.30,13.73,54.59,56.46,20.76
Lords Mark Industries,501261,,INE567L01025,Commercial Services & Supplies,Consulting Services,82.78,41.58,3531.54,0.00,32.16,107300.00,280.36,,13.42,,9132.98,13551.06,202606.00,-22.15,0.75,41.24,605.32,1661.97
Lumino Inds,544894,LUMINO,INE185Q01025,Industrial Products,Cables - Electricals,103.80,19.79,3161.32,0.00,63.70,,947.62,,26.61,6.51,28.40,8.37,202603.00,6.57,20.92,-1.03,97.95,38.97
M.V.K. Agro,,MVKAGRO,INE0SGC01015,Agricultural Food & other Products,Sugar,289.95,29.53,1464.35,0.00,6.38,84.93,65.55,105.94,14.37,113.64,399.79,216.78,202606.00,9.82,1.26,6.06,129.25,50.80
Mahamaya Lifesc.,544611,,INE0U9D01019,Fertilizers & Agrochemicals,Pesticides & Agrochemicals,179.50,25.43,420.12,0.00,8.15,,165.90,,20.00,24.75,27.76,46.08,202603.00,7.06,3.48,-38.18,64.22,33.95
Mahindra Life.,532313,MAHLIFE,INE813A01018,Realty,"Residential, Commercial Projects",348.30,23.92,7431.84,1.00,85.55,66.92,962.13,2909.48,7.64,875.69,211.28,115.23,202606.00,15.58,4.01,106.33,106.53,24.77
Mangalam World.,544764,MWL,INE0JYY01029,Metals & Minerals Trading,Trading - Metals,41.48,23.69,1231.98,0.07,12.02,17.69,316.22,14.68,17.70,12.75,63.43,76.11,202606.00,1.75,0.40,44.17,53.72,23.30
Manorama Indust.,541974,MANORAMA,INE00VM01036,Food Products,Other Food Products,2006.55,47.92,12665.80,0.04,81.59,61.31,403.96,39.51,35.41,58.81,77.23,63.59,202606.00,44.25,13.66,98.45,98.57,57.01
Marine Electric.,,MARINE,INE01JE01028,Industrial Manufacturing,Industrial Products,380.95,81.98,5331.18,0.07,17.51,48.75,259.16,55.20,18.22,21.81,51.55,46.51,202606.00,4.60,1.23,47.34,52.46,25.58
Marsons,517467,MARSONS,INE415B01044,Electrical Equipment,Heavy Electrical Equipment,121.90,47.47,2097.91,0.04,5.93,-26.15,49.26,4.74,25.39,33.29,43.23,52.04,202606.00,2.57,0.34,136.61,159.55,277.36
Merritronix,544773,,INE1RQS01010,Industrial Manufacturing,Industrial Products,365.00,39.65,638.15,0.00,3.81,,55.95,,41.14,37.28,85.91,79.79,202603.00,12.59,3.24,-16.14,273.10,43.13
Modison,506261,MODISONLTD,INE737D01021,Electrical Equipment,Other Electrical Equipment,481.30,14.58,1561.80,1.11,33.84,506.77,270.47,101.63,30.98,66.70,294.95,251.09,202606.00,31.30,10.43,82.83,82.83,28.51
Monarch Networth,511551,MONARCH,INE903D01011,Capital Markets,Stockbroking & Allied,366.65,16.06,2907.85,0.28,45.18,-0.15,90.89,-7.24,27.68,7.49,17.25,14.89,202606.00,22.85,5.70,53.28,61.56,32.08
Msafe Equipments,544695,,INE2B5L01011,Non - Ferrous Metals,Aluminium,300.00,22.92,612.00,0.00,7.27,44.25,31.79,39.92,37.21,44.24,86.50,66.82,202603.00,10.99,3.56,-30.69,89.38,56.17
Neetu Yoshi,544434,,INE0UZO01024,Industrial Products,Castings & Forgings,205.20,31.84,796.44,0.00,13.47,58.96,54.20,53.19,31.78,39.33,52.47,31.63,202603.00,6.45,3.47,51.91,290.55,82.31
Nephrocare Health Services,544647,NEPHROPLUS,INE428V01029,Healthcare Services,Healthcare Service Provider,737.65,87.15,7417.77,0.00,31.97,34.89,281.75,23.69,15.34,32.16,11.62,35.11,202606.00,4.19,3.19,28.61,102.90,31.70
Netweb Technol.,543945,NETWEB,INE0NT901020,IT - Services,IT Enabled Services,4627.30,105.56,27508.15,0.06,85.32,179.92,819.69,172.13,37.48,107.70,102.07,96.42,202606.00,45.87,14.98,57.58,63.56,69.93
Nila Spaces,542231,NILASPACES,INE00S901012,Realty,"Residential, Commercial Projects",12.05,15.24,474.64,0.00,8.60,44.54,46.67,14.30,31.32,31.15,72.88,62.60,202606.00,0.79,0.22,105.92,105.92,467.94
Nisus Finance,544296,,INE0DQN01013,Finance,Holding Company,158.90,5.57,379.43,0.00,12.36,-30.20,184.99,551.37,32.00,754.94,126.36,224.21,202603.00,29.46,4.72,2.98,189.69,267.53
Niva Bupa Health,544286,NIVABUPA,INE995S01015,Insurance,General Insurance,80.56,85.48,14897.42,0.00,137.80,92.89,2471.26,27.93,3.15,27.91,-42.64,-15.82,202606.00,0.94,0.75,,127.48,32.88
Novus Loyalty,544735,,INE1TFS01019,Media,Web based media and service,213.00,35.69,331.23,0.00,3.90,,56.01,,33.39,21.79,148.13,116.70,202603.00,5.97,2.51,-77.71,156.48,28.83
Nurture Well Industries,531889,,INE882B01037,Food Products,Packaged Foods,21.31,8.48,496.22,0.00,13.47,-45.81,152.81,-38.84,22.92,6.15,-8.10,1.52,202606.00,2.49,0.46,172.62,266.79,484.50
OBSC Perfection,,OBSCP,INE0YHV01011,Auto Components,Auto Components & Equipments,932.00,76.56,2408.80,0.00,9.47,88.27,77.31,84.73,19.52,54.27,61.45,56.24,202606.00,12.47,3.66,39.61,80.80,32.15
Om Power Transmission,544750,OMPOWER,INE25E901019,Construction,Civil Construction,169.70,13.78,581.19,0.00,10.52,25.99,121.63,36.88,42.70,60.74,81.58,60.20,202603.00,15.01,3.07,-47.58,85.69,55.16
One Point One,544748,ONEPOINT,INE840Y01029,Commercial Services & Supplies,Business Process Outsourcing (BPO)/ Knowledge Process Outsourcing (KPO),58.27,33.28,1532.16,0.00,16.31,72.78,158.32,129.42,10.88,52.41,31.61,55.20,202606.00,1.72,0.62,47.29,64.70,30.73
Onix Solar,513119,ONIXSOLAR,INE173M01012,Non - Ferrous Metals,Copper,416.10,25.53,1534.05,0.00,20.83,1962.38,93.74,107.39,10.21,77.60,645.78,844.92,202606.00,14.34,5.65,242.34,639.19,1887.93
Optivalue Tek,,OPTIVALUE,INE15B101011,IT - Services,IT Enabled Services,192.00,32.66,449.51,0.00,6.54,12.37,60.25,80.12,27.18,61.80,12.97,9.22,202603.00,5.88,2.79,-87.15,70.63,32.69
Oriana Power Ltd,,ORIANA,INE0OUT01019,Electrical Equipment,Other Electrical Equipment,1284.00,10.29,2608.96,0.00,130.41,19.02,1032.49,64.51,39.61,83.72,59.15,69.67,202603.00,124.19,64.42,99.09,188.03,137.89
Oriental Rail,531859,ORIRAIL,INE457G01029,Industrial Products,Other Industrial Products,117.85,16.75,790.27,0.08,10.75,83.13,137.58,16.69,12.04,-0.67,61.26,29.68,202606.00,7.03,1.60,120.20,136.83,20.78
OSEL Devices,,OSELDEVICE,INE0RMF01018,Healthcare Equipment & Supplies,Medical Equipment & Supplies,362.00,22.04,644.15,0.00,14.06,16.78,145.81,47.10,24.40,56.95,45.89,59.71,202603.00,16.53,7.95,-12.93,84.46,52.90
Oswal Pumps,544418,OSWALPUMPS,INE0BYP01024,Industrial Products,"Compressors, Pumps & Diesel Engines",275.90,9.29,3145.40,0.00,54.14,-42.82,473.56,-7.86,38.24,29.03,10.44,-2.55,202606.00,29.45,4.75,-17.27,122.59,75.02
P N Gadgil Jewe.,544256,PNGJL,INE953R01016,Consumer Durables,"Gems, Jewellery And Watches",611.45,20.09,9000.70,0.00,105.34,51.92,2412.98,40.73,20.92,47.77,77.70,75.62,202606.00,32.85,7.76,31.21,77.09,33.75
Pace Digitek,544550,PACEDIGITK,INE0S3G01027,Telecom - Services,Telecom - Infrastructure,154.70,11.13,3339.18,0.00,62.50,13.24,555.36,51.29,21.40,14.85,8.53,-0.72,202606.00,14.54,2.84,-21.91,173.95,73.79
Paradeep Pari.,544383,,INE0SMW01011,Transport Services,Logistics Solution Provider,290.00,14.99,461.63,0.00,14.38,-24.32,208.00,4.89,22.19,15.07,27.39,19.89,202603.00,19.34,9.03,-46.31,67.43,24.03
Parmeshwar Metal,544330,,INE0QQJ01021,Industrial Products,"Aluminium, Copper & Zinc Products",318.00,15.06,486.73,0.39,23.46,250.15,1127.70,50.08,43.41,42.72,194.44,182.03,202603.00,21.23,15.33,-43.75,53.72,26.62
Premier Energies,544238,PREMIERENE,INE0BS701011,Electrical Equipment,Other Electrical Equipment,949.20,25.91,43089.04,0.10,471.92,50.45,2462.59,35.25,33.32,26.70,59.07,29.05,202606.00,36.73,10.20,293.96,369.81,76.27
Prime Cable Ind.,,PRIMECAB,INE0CQA01020,Industrial Products,Cables - Electricals,166.00,22.17,304.17,0.00,6.76,66.94,144.17,69.73,27.78,66.77,82.69,57.27,202603.00,6.68,3.69,46.07,350.56,47.25
PTC Industries,539006,PTCIL,INE596F01018,Industrial Products,Castings & Forgings,22645.05,270.32,33950.67,0.00,29.19,465.70,191.80,97.43,8.43,94.62,102.53,132.28,202606.00,83.78,19.47,52.07,57.94,40.09
Quality Power El,544367,QPOWER,INE0SII01026,Electrical Equipment,Heavy Electrical Equipment,1353.75,78.67,10483.97,0.07,46.72,49.59,232.67,31.66,31.53,121.98,89.95,156.19,202606.00,17.21,4.66,-95.14,80.81,55.23
Rajoo Engineers,522257,RAJOOENG,INE535F01024,Industrial Manufacturing,Industrial Products,53.55,19.75,956.80,0.28,17.35,3.40,123.07,44.67,24.70,32.79,1.76,15.55,202606.00,2.71,0.87,60.15,64.79,29.16
RBM Infracon,,RBMINFRA,INE0NA301016,Commercial Services & Supplies,Diversified Commercial Services,296.25,6.95,315.02,0.00,18.36,-6.18,208.22,-4.65,28.20,52.98,53.65,71.32,202603.00,44.82,18.17,157.72,173.63,80.87
RDB Infrastruc.,533285,,INE245L01028,Realty,"Residential, Commercial Projects",15.07,23.67,337.08,0.00,4.44,63.24,28.41,-57.95,7.27,-38.75,94.94,-77.39,202606.00,0.67,0.20,55.12,65.54,20.57
Rubicon Research,544578,RUBICON,INE506V01022,Pharmaceuticals & Biotechnology,Pharmaceuticals,1834.20,105.44,30361.94,0.08,84.78,95.80,534.34,51.59,28.35,46.65,89.49,59.01,202606.00,17.68,5.13,34.77,154.99,64.57
S J Logistics (I,,SJLOGISTIC,INE0F3301020,Transport Services,Logistics Solution Provider,312.45,6.54,494.41,0.00,43.43,49.50,370.89,33.62,32.38,30.11,44.43,58.72,202603.00,49.57,28.40,24.13,114.79,69.48
Saatvik Green,544526,SAATVIKGL,INE13B501022,Electrical Equipment,Other Electrical Equipment,389.45,19.94,4950.11,0.00,5.36,-95.36,511.01,-44.20,32.92,46.52,-21.14,-14.74,202606.00,19.38,0.43,26.45,323.65,95.51
Sathlokhar Sys.,,SSEGL,INE0RFP01011,Construction,Civil Construction,415.05,10.48,1078.24,0.00,21.41,128.74,204.81,66.82,36.27,121.88,141.58,134.07,202606.00,40.15,8.24,5.17,147.22,111.17
SEAMEC Ltd,526807,SEAMECLTD,INE497B01018,Transport Services,Shipping,1733.85,17.21,4408.27,0.11,81.34,7.19,296.92,40.77,19.70,60.32,122.39,79.46,202606.00,101.02,31.94,104.66,104.66,29.63
Shakti Pumps,531431,SHAKTIPUMP,INE908D01010,Industrial Products,"Compressors, Pumps & Diesel Engines",476.60,27.74,5881.23,0.20,51.59,-46.72,858.67,37.94,23.64,14.10,-48.53,-40.89,202606.00,17.21,4.18,112.17,120.25,40.74
Shankesh Jewellers,544882,SHANKESH,INE1WFC01025,Consumer Durables,"Gems, Jewellery And Watches",95.63,13.13,1406.15,0.00,,,,,50.26,16.17,164.57,141.62,202603.00,9.08,,-37.63,116.98,21.50
Shanti Gold,544459,SHANTIGOLD,INE06ZD01017,Consumer Durables,"Gems, Jewellery And Watches",248.20,10.22,1904.67,0.00,50.48,104.87,716.38,144.68,33.49,110.66,206.97,146.90,202606.00,24.30,6.58,-3.84,92.23,43.76
Shringar House,544512,SHRINGARMS,INE1B3L01017,Consumer Durables,"Gems, Jewellery And Watches",212.10,16.91,2045.34,0.00,34.00,19.26,548.49,64.90,26.83,65.06,66.58,53.80,202606.00,12.55,3.53,-23.11,70.36,33.20
Sigma Advanced System,532408,SIGMAADV,INE933B01012,Aerospace & Defense,Aerospace & Defense,798.75,91.24,15170.55,0.00,35.41,-81.87,374.28,7083.88,60.82,963.82,20.42,10346.28,202606.00,9.08,1.36,145.15,227.73,529.70
Sika Interplant,523606,SIKA,INE438E01032,Aerospace & Defense,Aerospace & Defense,1028.50,62.85,2180.54,0.32,8.40,-18.84,42.86,-36.98,34.56,0.45,9.68,16.61,202606.00,16.35,3.96,60.21,60.21,52.12
Silver Touch,543525,SILVERTUC,INE625X01026,IT - Software,Computers - Software & Consulting,151.65,46.15,1923.10,0.07,10.00,147.28,78.02,23.45,29.78,20.90,81.93,65.12,202606.00,3.28,0.79,55.71,55.63,27.82
Simplex Castings,513472,,INE658D01029,Industrial Products,Other Industrial Products,120.00,20.43,492.00,0.00,6.86,44.73,60.95,34.85,24.28,15.32,30.61,12.83,202606.00,5.84,1.67,58.22,74.24,20.07
Skipper,538562,SKIPPER,INE439E01022,Electrical Equipment,Heavy Electrical Equipment,533.40,26.55,6024.09,0.02,56.47,26.44,1309.83,4.46,23.52,17.18,42.72,23.50,202606.00,19.41,5.00,88.10,88.12,41.01
Sky Gold & Diam.,541967,SKYGOLD,INE01IU01018,Consumer Durables,"Gems, Jewellery And Watches",796.55,36.88,12336.41,0.00,104.90,136.94,2012.79,77.93,27.02,81.40,116.13,125.50,202606.00,21.63,6.67,117.29,145.49,76.05
Solarworld Ene.,544532,SOLARWORLD,INE0TY101024,Construction,Civil Construction,133.90,9.86,1160.56,0.00,9.50,-26.41,168.42,146.81,23.80,150.04,34.09,35.36,202606.00,13.51,1.10,-68.94,100.98,80.90
South West Pinn.,543986,SOUTHWEST,INE980Y01015,Commercial Services & Supplies,Diversified Commercial Services,201.00,16.40,656.26,0.00,9.34,289.17,61.68,53.36,20.02,39.23,135.81,100.03,202606.00,13.40,3.13,51.02,54.42,25.06
SPARC,532872,SPARC,INE232I01014,Pharmaceuticals & Biotechnology,Pharmaceuticals,189.15,3.79,6138.35,0.00,-20.98,59.68,39.92,314.11,164.99,2855.80,631.12,668.01,202606.00,48.79,-0.65,108.25,108.25,98.91
Spectrum Electr.,544386,SPECTRUM,INE01EO01010,Industrial Manufacturing,Industrial Products,3173.60,99.75,4986.96,0.00,13.29,118.23,155.88,84.36,17.69,40.95,83.82,61.47,202606.00,31.82,8.46,69.75,71.94,25.81
Sri Lotus,544469,LOTUSDEV,INE0V9Q01010,Realty,"Residential, Commercial Projects",212.00,40.32,10360.89,0.22,45.72,77.51,132.35,115.83,21.15,71.31,20.65,12.64,202606.00,5.26,0.93,,124.41,65.85
SRM Contractors,544158,SRM,INE0R6Z01013,Construction,Civil Construction,421.20,8.19,966.40,0.00,19.71,54.59,196.26,37.82,37.14,75.33,86.75,102.18,202606.00,51.42,8.59,63.20,81.27,50.59
Sugs Lloyd,544501,,INE0XX801016,Electrical Equipment,Other Electrical Equipment,283.75,21.65,658.67,0.00,7.50,29.53,78.40,31.96,29.04,71.64,71.59,68.73,202606.00,13.10,3.23,21.49,133.97,103.30
Sunlite Recycli.,,SUNLITE,INE0U2N01013,Industrial Products,"Aluminium, Copper & Zinc Products",647.00,22.24,893.23,0.00,25.80,257.84,1642.41,116.13,46.52,97.95,183.35,150.55,202603.00,29.08,18.69,-36.20,92.83,33.95
Sunshine Picture,544881,SUNSHINE,INE1B3O01011,Entertainment,"Film Production, Distribution & Exhibition",364.85,28.62,1136.45,0.00,,,,,40.96,-27.96,12.83,16.70,202603.00,15.19,,-53.64,165.29,41.08
Sunteck Realty,512179,SUNTECK,INE805D01034,Realty,"Residential, Commercial Projects",277.00,19.05,4067.51,0.51,41.96,26.47,191.56,1.72,7.48,55.42,32.46,59.85,202606.00,14.54,2.88,422.03,422.46,45.82
Swaraj Suiting,544861,SWARAJ,INE0GMR01016,Textiles & Apparels,Other Textile Products,318.60,13.77,841.69,0.00,16.42,83.26,183.37,138.83,17.92,38.45,60.62,52.34,202606.00,24.69,6.22,73.25,111.80,38.06
Syncom Formul.,524470,SYNCOMF,INE312C01025,Pharmaceuticals & Biotechnology,Pharmaceuticals,18.75,20.79,1762.50,0.50,24.59,56.62,124.66,6.96,26.84,0.24,49.06,45.95,202606.00,0.90,0.26,56.22,56.22,29.91
T R I L,532928,TARIL,INE763I01026,Electrical Equipment,Heavy Electrical Equipment,279.15,32.37,8379.15,0.09,64.29,-8.66,572.34,8.13,23.31,14.60,-0.16,3.98,202606.00,8.61,2.05,79.01,86.58,21.56
Tara Chand Infra,,TARACHAND,INE555Z01020,Commercial Services & Supplies,Diversified Commercial Services,47.73,16.21,376.23,0.43,1.68,-70.39,67.63,10.74,18.25,10.71,-13.41,17.65,202606.00,2.91,0.21,55.25,62.92,26.43
Teamtech Formwork,,TEAMTECH,INE2OL601013,Other Construction Materials,Other Construction Materials,126.00,32.58,377.70,0.00,7.33,,31.74,,41.17,62.49,47.83,89.41,202603.00,5.26,14.32,-22.98,57.79,38.37
TechD Cybersec.,,TECHD,INE0Y5H01014,IT - Services,IT Enabled Services,572.00,30.46,427.83,0.00,7.67,149.84,33.63,98.76,40.88,73.86,67.14,57.84,202603.00,18.77,10.25,-72.87,146.27,89.95
Technocrats Plasma,544877,,INE19QK01022,Industrial Products,Other Industrial Products,388.20,45.49,679.35,0.00,3.55,,30.68,,66.98,166.03,84.22,197.85,202603.00,11.60,20.88,-50.93,114.68,208.78
Thangamayil Jew.,533158,THANGAMAYL,INE085J01014,Consumer Durables,"Gems, Jewellery And Watches",4953.75,39.19,15397.27,0.35,85.09,86.15,2666.38,71.16,25.49,83.21,264.16,189.38,202606.00,125.81,27.38,64.12,64.26,39.18
Thomas Scott,533941,THOMASCOTT,INE480M01011,Textiles & Apparels,Garments & Apparels,231.00,15.46,343.15,0.00,5.44,57.64,65.82,22.14,20.54,42.24,64.78,59.02,202606.00,14.42,3.71,44.71,91.23,60.08
TIPCO Engineering,544740,,INE1U6D01014,Industrial Manufacturing,Industrial Products,263.05,21.60,546.29,0.00,16.73,156.99,94.97,65.51,36.23,9.12,63.29,59.86,202603.00,12.19,8.06,-83.18,114.63,59.25
Transrail Light,544317,TRANSRAILL,INE454P01035,Electrical Equipment,Heavy Electrical Equipment,407.60,13.10,5472.26,0.73,107.88,1.95,1736.03,4.59,33.56,14.95,9.71,8.93,202606.00,30.17,8.04,-13.48,56.24,29.72
True Colors,544531,,INE1LDV01015,Industrial Manufacturing,Industrial Products,143.50,11.32,353.80,0.00,16.44,-24.13,150.43,6.86,25.69,29.08,26.29,15.23,202603.00,12.64,6.67,-63.52,99.81,55.15
U. Y. Fincorp,530579,UYFINCORP,INE152C01025,Finance,Non Banking Financial Company (NBFC),19.71,6.05,374.97,0.00,19.62,228.64,72.51,230.64,18.49,117.99,390.73,342.98,202606.00,3.26,1.03,84.00,84.00,41.47
Uday Jewellery,539518,UDAYJEW,INE551B01012,Consumer Durables,"Gems, Jewellery And Watches",163.00,16.63,555.08,0.32,10.67,5.75,143.27,7.21,22.39,76.72,74.33,57.98,202606.00,11.35,3.13,35.13,55.57,60.13
Unified Data,544406,,INE1ABX01018,IT - Services,IT Enabled Services,377.50,18.62,758.40,2.92,23.48,94.05,138.97,21.47,45.25,30.75,38.14,12.00,202603.00,20.28,11.69,-89.94,59.89,37.62
Univastu India,,UNIVASTU,INE562X01013,Construction,Civil Construction,147.00,17.44,529.01,0.00,10.06,281.61,103.72,252.67,29.96,106.68,163.23,50.19,202606.00,8.43,2.77,49.35,52.06,40.92
Utssav CZ Gold,,UTSSAV,INE06IJ01010,Consumer Durables,"Gems, Jewellery And Watches",612.50,25.03,1479.05,0.00,29.64,95.13,679.49,87.81,28.82,78.69,131.43,130.21,202603.00,24.46,12.27,18.39,112.10,69.25
V-Marc India,,VMARCIND,INE0GXK01018,Industrial Products,Cables - Electricals,339.75,42.55,4978.19,0.00,28.55,163.62,555.51,102.42,41.37,98.43,176.03,106.27,202603.00,6.83,1.95,106.95,111.78,93.61
Vikram Solar,544488,VIKRAMSOLR,INE078V01014,Electrical Equipment,Other Electrical Equipment,163.95,16.47,5940.78,0.00,19.78,-85.17,1563.09,37.89,30.56,33.26,44.08,28.53,202606.00,9.85,0.55,180.52,213.80,32.32
Vivid Electromech,,VIVIDEL,INE24H301028,Electrical Equipment,Other Electrical Equipment,1802.95,50.72,1602.41,0.00,22.16,41.69,129.57,27.96,58.63,28.91,56.10,58.46,202603.00,45.13,31.64,95.98,508.93,50.00
Viyash Scientific,512529,VIYASH,INE807F01027,Pharmaceuticals & Biotechnology,Pharmaceuticals,249.20,49.53,10977.68,0.00,79.29,103.59,946.36,19.54,13.42,53.04,147.82,134.16,202606.00,5.76,1.51,56.12,72.82,34.02
Waaree Energies,544277,WAAREEENER,INE377N01017,Electrical Equipment,Other Electrical Equipment,2560.00,18.29,73638.71,0.15,891.87,14.09,7931.79,79.22,38.78,94.31,81.21,100.58,202606.00,132.67,29.56,76.01,99.63,57.82
Waaree Renewab.,534618,WAAREERTL,INE299N01021,Electrical Equipment,Other Electrical Equipment,811.55,16.60,8470.90,0.12,114.49,32.30,811.34,34.53,85.38,80.19,75.63,76.32,202606.00,48.93,10.97,100.98,101.14,113.62
Welspun Special.,500365,WELSPLSOL,INE731F01037,Industrial Products,Iron & Steel Products,52.75,122.34,3495.26,0.00,5.16,788.00,193.67,-3.80,9.90,15.15,500.28,118.96,202606.00,0.43,0.08,52.58,52.58,28.48
Workmates Core2,544610,,INE1I1301016,IT - Software,Computers - Software & Consulting,446.65,35.22,577.03,0.45,7.05,-0.42,69.00,21.46,37.23,37.25,16.50,22.42,202603.00,12.68,5.46,-81.37,102.93,70.60
Yash Highvoltage,544310,,INE00GK01023,Electrical Equipment,Other Electrical Equipment,944.00,72.46,2821.39,0.14,23.72,68.89,135.57,46.53,28.58,57.22,82.22,74.28,202603.00,13.08,8.31,-28.38,50.51,37.55
Yatra Online,543992,YATRA,INE0JR601024,Leisure Services,"Tour, Travel Related Services",108.65,49.52,1704.91,0.00,0.34,-97.88,187.90,-10.44,7.23,9.35,-29.07,10.73,202606.00,1.99,0.02,69.96,88.77,38.34
Z-Tech (India),,ZTECH,INE0ISZ01012,Other Utilities,Waste Management,432.60,17.46,643.33,0.00,4.05,33.22,29.14,42.29,19.76,66.71,81.63,51.71,202606.00,25.52,2.78,,160.01,82.26
