Name,BSE Code,NSE Code,ISIN Code,Industry Group,Industry,Current Price,Price to Earning,Market Capitalization,Dividend yield,Net Profit latest quarter,YOY Quarterly profit growth,Sales latest quarter,YOY Quarterly sales growth,Return on capital employed,Sales growth,Profit growth,Operating profit growth,TTM Result Date,EPS,EPS latest quarter,EPS growth 3Years,Sales growth 3Years
A B B,500002,ABB,INE117A01022,Electrical Equipment,Heavy Electrical Equipment,7073.55,97.26,149894.37,0.55,362.30,8.03,3558.87,21.03,29.93,10.22,-13.03,-12.75,202606.00,141.00,17.10,29.76,15.51
Aastha Spintex,544808,AASTHA,INE2FMX01012,Textiles & Apparels,Other Textile Products,76.87,13.82,339.32,0.13,3.09,35.53,77.47,-15.71,18.98,26.05,1.02,6.62,202603.00,7.50,0.98,168.38,22.76
Accent Microcell,,ACCENTMIC,INE0Q5D01013,Pharmaceuticals & Biotechnology,Pharmaceuticals,688.50,37.64,1651.64,0.14,25.79,55.36,209.67,51.34,24.88,31.92,32.67,35.27,202603.00,18.28,10.75,30.31,20.95
Adani Ports,532921,ADANIPORTS,INE742F01042,Transport Infrastructure,Port & Port services,1729.70,30.12,398515.77,0.43,3649.50,9.23,10820.80,18.57,14.12,23.85,16.78,18.95,202606.00,57.81,15.71,24.55,22.93
Adisoft Technol.,,ADISOFT,INE20PL01012,Industrial Manufacturing,Industrial Products,225.00,16.03,367.17,0.00,17.59,84.00,117.46,46.40,38.00,26.34,42.33,38.56,202603.00,19.09,14.65,-85.36,30.12
Aditya Infotech,544466,CPPLUS,INE819V01029,Industrial Manufacturing,Industrial Products,3690.00,91.50,43652.84,0.04,142.20,332.48,1402.42,89.51,28.56,51.85,214.81,164.95,202606.00,40.56,12.07,-61.54,22.71
Aditya Vision,540205,AVL,INE679V01027,Retailing,Speciality Retail,614.20,56.60,7931.64,0.20,77.22,39.99,1192.68,26.85,17.08,26.52,30.26,25.87,202606.00,10.77,5.98,20.04,26.42
Advit Jewels,544803,RAMBHAJO,INE1SJO01012,Consumer Durables,"Gems, Jewellery And Watches",255.90,32.00,1172.31,0.00,8.19,37.88,35.32,37.06,32.17,33.39,35.51,32.49,202603.00,10.74,1.79,-89.89,52.92
Affle 3i,542752,AFFLE,INE00WC01027,IT - Services,IT Enabled Services,1537.30,45.29,21662.79,0.00,128.44,21.74,747.16,20.37,16.84,19.78,19.21,23.06,202606.00,33.95,9.12,20.74,23.63
Ajmera Realty,513349,AJMERA,INE298G01035,Realty,"Residential, Commercial Projects",113.25,14.37,2228.69,0.85,44.94,12.49,316.97,22.65,14.28,43.14,16.39,27.30,202606.00,7.85,2.19,23.58,36.25
Algoquant Fin,505725,ALGOQUANT,INE598D01035,Finance,Other Financial Services,64.50,40.52,1813.09,0.00,16.52,263.08,77.87,42.88,31.43,15.86,135.42,89.95,202606.00,1.59,0.59,119.82,159.59
Anand Rathi Shar,544530,ARSSBL,INE549H01021,Capital Markets,Stockbroking & Allied,482.50,20.65,3042.91,1.02,23.51,67.57,245.68,22.22,19.82,17.09,53.07,29.85,202606.00,21.02,3.73,2.76,25.81
Anand Rathi Wea.,543415,ANANDRATHI,INE463V01026,Capital Markets,Financial Products Distributor,2194.45,78.76,36436.96,0.29,163.22,76.97,312.95,18.21,57.47,22.89,46.60,8.14,202606.00,27.85,9.83,32.74,30.97
Antelopus Selan,530075,ANTELOPUS,INE818A01017,Oil,Oil Exploration & Production,1085.00,27.26,3815.17,0.00,54.32,450.71,131.04,158.82,19.92,46.50,119.13,70.54,202606.00,37.74,15.45,7.88,33.22
Anthem Bioscienc,544449,ANTHEM,INE0CZ201020,Pharmaceuticals & Biotechnology,Biotechnology,945.45,89.74,53260.81,0.21,119.94,-11.67,418.22,-22.58,30.37,-2.14,17.56,6.94,202606.00,10.25,2.13,21.45,26.20
Asarfi Hospital,543943,,INE0DN001027,Healthcare Services,Hospital,186.00,20.17,365.99,0.00,4.27,33.44,47.34,32.75,18.77,36.26,43.40,33.06,202606.00,9.22,2.17,16.25,36.03
Ashapura Minech.,527001,ASHAPURMIN,INE348A01023,Minerals & Mining,Industrial Minerals,522.40,12.21,4990.31,0.37,108.31,4.99,1616.12,19.22,20.72,62.64,18.75,19.26,202606.00,42.59,12.07,48.45,41.95
Asian Energy,530355,ASIANENE,INE276G01015,Oil,Oil Equipment & Services,484.00,36.41,2354.56,0.23,12.76,115.50,271.19,135.06,16.51,82.01,41.59,47.22,202606.00,12.62,2.46,48.53,93.05
ASK Automotive,544022,ASKAUTOLTD,INE491J01022,Auto Components,Auto Components & Equipments,607.55,37.83,11977.35,0.29,85.12,28.83,1358.11,52.38,25.42,27.91,23.18,26.14,202606.00,16.05,4.32,34.10,17.79
ASM Technologies,526433,,INE867C01010,IT - Software,Computers - Software & Consulting,6544.00,130.67,9545.56,0.23,26.82,72.25,198.82,61.75,26.95,68.31,86.64,74.45,202606.00,49.37,18.39,70.49,33.85
Atlanta Electric,544527,ATLANTAELE,INE0Z4F01028,Electrical Equipment,Heavy Electrical Equipment,1670.05,58.84,12842.12,0.00,46.84,50.42,466.33,47.99,45.28,59.03,74.72,85.51,202606.00,28.28,6.09,-24.44,28.44
Authum Invest,539177,AIIL,INE206F01022,Finance,Non Banking Financial Company (NBFC),531.15,21.58,45106.58,0.02,1114.81,18.43,1448.22,19.65,13.63,-36.77,-48.91,-39.24,202606.00,24.65,13.13,99.92,89.07
Avalon Tech,543896,AVALON,INE0LCL01028,Electrical Equipment,Other Electrical Equipment,2178.00,108.91,14551.59,0.00,34.87,145.39,484.41,49.83,19.29,44.38,67.08,48.11,202606.00,20.01,5.22,22.09,19.28
Avio Smart Market,532694,ASMS,INE855F01042,IT - Services,IT Enabled Services,6.89,32.72,209.86,0.00,0.92,104.44,11.97,35.56,15.50,159.64,782.76,1942.31,202603.00,0.20,0.03,30.32,25.62
Bajaj Auto,532977,BAJAJ-AUTO,INE917I01010,Automobiles,2/3 Wheelers,11422.05,26.58,313882.31,1.29,3188.75,45.93,21688.83,65.14,28.24,36.91,55.23,41.97,202606.00,420.80,115.41,21.62,19.94
Balu Forge,531112,BALUFORGE,INE011E01029,Industrial Products,Castings & Forgings,498.85,22.60,6055.60,0.03,66.09,15.89,300.71,28.95,22.72,19.70,18.18,11.37,202606.00,22.75,5.44,65.90,50.22
Banco Products,500039,BANCOINDIA,INE213C01025,Auto Components,Auto Components & Equipments,590.35,17.54,8444.23,3.86,122.38,11.74,1183.90,22.04,30.91,21.65,11.39,7.90,202606.00,34.57,8.56,24.01,18.66
Bansal Wire Inds,544209,BANSALWIRE,INE0B9K01025,Industrial Products,Iron & Steel Products,300.15,32.50,4699.03,0.00,20.46,-47.89,1167.89,24.37,13.79,20.92,-6.02,6.26,202606.00,9.08,1.31,-45.90,19.92
BCL Industries,524332,BCLIND,INE412G01024,Beverages,Breweries & Distilleries,33.40,8.46,985.78,1.06,35.52,5.29,583.19,-26.36,13.87,-13.08,13.24,22.20,202606.00,3.95,1.09,12.38,15.36
Bharat Electron,500049,BEL,INE263A01024,Aerospace & Defense,Aerospace & Defense,387.20,46.03,283034.62,0.62,1054.53,8.70,5546.98,24.94,36.44,19.83,11.75,15.10,202606.00,8.41,1.44,26.52,15.90
Bharat Seats,523229,BHARATSE,INE415D01024,Auto Components,Auto Components & Equipments,210.00,27.93,1318.80,0.68,13.21,43.90,577.83,35.30,20.19,48.32,34.03,30.97,202606.00,7.37,2.10,26.20,22.90
Bhatia Communic.,540956,,INE341Z01025,Retailing,Speciality Retail,34.95,24.58,491.57,0.12,6.82,90.50,190.00,70.34,21.28,49.05,45.53,43.70,202606.00,1.47,0.48,20.66,19.95
BLS E-Services,544107,BLSE,INE0NLT01010,IT - Services,IT Enabled Services,313.15,48.94,2845.17,0.32,18.63,4.22,304.09,24.63,16.39,71.21,5.18,17.94,202606.00,6.40,1.68,24.74,66.30
BLS Internat.,540073,BLS,INE153T01027,Leisure Services,"Tour, Travel Related Services",230.85,13.48,9505.05,1.06,201.63,11.15,890.53,25.33,29.34,31.81,24.91,23.79,202606.00,17.14,4.62,50.09,25.52
Bondada Engineer,543971,,INE0Q8P01029,Telecom - Services,Telecom - Infrastructure,277.25,14.24,3096.11,0.10,53.93,38.24,691.65,23.99,39.43,80.96,90.09,91.69,202606.00,19.54,4.74,101.30,97.22
Borosil Renew.,502219,BORORENEW,INE666D01022,Industrial Products,Glass - Industrial,465.55,17.04,6852.12,0.00,87.71,156.91,405.69,22.10,26.62,33.98,463.85,127.47,202606.00,27.33,6.25,56.78,30.69
Canara Robeco,544580,CRAMC,INE218I01013,Capital Markets,Asset Management Company,233.30,21.28,4652.45,1.67,75.60,23.98,145.37,20.07,40.11,13.00,8.87,10.06,202606.00,10.95,3.79,-13.55,30.80
Carysil,524091,CARYSIL,INE482D01024,Consumer Durables,Household Appliances,1128.80,29.80,3210.58,0.26,32.05,37.73,262.14,15.49,18.00,13.99,52.21,28.96,202606.00,37.55,11.05,21.19,15.87
Ceinsys Tech,538734,CEINSYS,INE016Q01014,IT - Software,Computers - Software & Consulting,678.55,10.66,1420.73,0.50,30.95,-2.18,157.79,0.76,27.46,32.16,61.26,62.34,202606.00,68.75,14.78,47.54,44.39
Cellecor Gadgets,,CELLECOR,INE0OMO01025,Consumer Durables,Consumer Electronics,30.80,17.30,684.77,0.00,20.08,23.34,650.32,8.35,22.64,25.91,28.19,31.06,202603.00,1.79,0.91,-70.97,69.70
Cemindia Project,509496,CEMPRO,INE686A01026,Construction,Civil Construction,1222.00,34.93,20992.42,0.24,140.83,2.62,2720.92,5.61,32.76,8.91,46.85,19.43,202606.00,35.02,8.20,68.21,25.49
Central Mine Pla,544739,CMPDI,INE05HV01027,Construction,Civil Construction,205.60,22.53,14679.84,0.50,116.27,53.88,481.37,17.62,38.06,10.17,-8.07,-7.54,202603.00,8.59,1.63,-83.95,18.67
Chalet Hotels,542399,CHALET,INE427F01016,Leisure Services,Hotels & Resorts,852.75,34.90,18674.72,0.23,86.13,-54.44,512.27,-42.73,17.01,6.05,87.78,11.67,202606.00,24.13,3.93,56.33,34.89
Chandan Healthca,,CHANDAN,INE0B2N01016,Healthcare Services,Healthcare Service Provider,194.00,18.05,474.36,0.00,7.92,29.53,80.85,19.07,23.07,20.11,-12.49,38.39,202606.00,10.12,3.07,67.61,26.39
CIAN Agro,519477,,INE052V01019,Agricultural Food & other Products,Edible Oil,1267.00,11.02,3545.83,0.00,149.70,186.73,586.66,14.85,12.27,51.75,245.40,124.61,202606.00,115.11,53.49,722.02,97.51
Cords Cable,532941,CORDSCABLE,INE792I01017,Industrial Products,Cables - Electricals,361.35,19.01,467.16,0.31,7.80,101.55,247.20,9.53,17.73,15.12,56.86,13.55,202606.00,19.01,6.03,41.92,21.93
Corona Remedies,544644,CORONA,INE02ZQ01018,Pharmaceuticals & Biotechnology,Pharmaceuticals,2232.00,64.43,13650.93,0.45,60.10,29.53,422.43,21.90,33.29,18.16,27.94,21.73,202606.00,32.46,9.83,33.13,16.65
Crizac,544439,CRIZAC,INE0S4R01014,Retailing,Internet & Catalogue Retail,179.35,14.19,3138.25,4.49,46.17,2.88,201.21,-3.98,52.34,15.17,38.40,29.03,202606.00,12.60,2.69,-51.68,30.13
Cryogenic OGS,544440,,INE0TL001013,Industrial Manufacturing,Industrial Products,386.90,64.09,552.49,0.00,4.47,35.05,19.76,1.39,29.56,24.07,42.24,42.34,202603.00,7.13,3.13,-57.46,22.86
Cummins India,500480,CUMMINSIND,INE298A01020,Industrial Products,"Compressors, Pumps & Diesel Engines",4913.80,55.84,136210.50,1.31,609.30,2.54,3426.01,17.86,39.50,15.30,14.45,16.02,202606.00,85.40,21.98,26.30,16.04
Cupid,530843,CUPID,INE509F01029,Personal Products,Personal Care,281.60,275.50,37865.71,0.00,44.16,194.01,156.99,142.49,33.88,116.02,188.13,168.31,202606.00,1.02,0.33,51.39,30.97
Danish Power,,DANISH,INE0YU901016,Electrical Equipment,Heavy Electrical Equipment,982.50,27.65,1934.68,0.20,41.17,9.23,309.84,18.61,23.75,22.57,20.02,11.17,202603.00,35.55,20.91,,40.41
Data Pattern,543428,DATAPATTNS,INE0IX101010,Aerospace & Defense,Aerospace & Defense,4454.70,92.27,24939.26,0.21,22.06,-13.49,116.03,16.81,21.92,33.81,25.98,38.30,202606.00,47.86,3.94,26.05,26.81
Deep Industries,543288,DEEPINDS,INE0FHS01024,Oil,Oil Equipment & Services,730.90,11.31,4677.76,0.32,89.14,45.12,278.92,39.81,16.47,48.75,132.59,45.47,202606.00,32.26,13.34,62.00,37.67
Devson Catalyst,544823,,INE2KRP01017,Chemicals & Petrochemicals,Specialty Chemicals,330.60,36.66,449.22,0.00,,,,,57.05,4.87,58.27,51.40,202603.00,12.21,,-49.64,19.69
Dharmaj Crop,543687,DHARMAJ,INE00OQ01016,Fertilizers & Agrochemicals,Pesticides & Agrochemicals,269.75,15.14,911.72,0.00,38.05,16.75,384.10,4.55,16.76,8.61,14.90,8.59,202606.00,17.80,11.26,27.74,29.47
Diffusion Eng,544264,DIFFNKG,INE184O01015,Industrial Products,Other Industrial Products,429.00,29.05,1605.60,0.32,16.68,36.26,110.11,36.49,15.78,26.44,35.46,28.53,202606.00,14.63,4.44,-39.45,16.85
DOMS Industries,544045,DOMS,INE321T01012,Household Products,Stationary,2120.00,59.18,12865.95,0.17,45.28,-22.33,670.51,19.25,24.32,19.94,4.63,7.10,202606.00,35.82,7.33,-75.48,24.28
Dynacons Sys.,532365,DSSL,INE417B01040,IT - Services,IT Enabled Services,1042.65,15.67,1328.02,0.05,19.56,-0.25,311.19,-5.32,29.73,10.25,13.95,33.37,202606.00,66.55,15.36,36.28,20.95
Dynamic Cables,540795,DYCL,INE600Y01019,Industrial Products,Cables - Electricals,436.00,23.15,2112.77,0.11,24.95,37.01,349.10,33.22,26.21,19.10,27.67,27.33,202606.00,18.82,5.15,34.48,21.45
Eicher Motors,505200,EICHERMOT,INE066A01021,Automobiles,2/3 Wheelers,7460.00,35.17,204793.23,1.09,1462.51,21.35,6632.42,31.55,30.53,28.07,20.22,29.97,202606.00,210.41,53.28,23.90,17.46
Ellen.Indl.Gas,544421,ELLEN,INE236E01022,Chemicals & Petrochemicals,Industrial Gases,357.55,41.74,5039.16,0.00,34.96,86.85,98.72,18.04,14.47,8.47,40.60,3.89,202606.00,8.56,2.48,-41.17,18.53
Emcure Pharma,544210,EMCURE,INE168P01015,Pharmaceuticals & Biotechnology,Pharmaceuticals,1992.00,36.69,37788.11,0.18,292.49,40.45,2580.45,22.85,24.02,18.36,36.79,27.38,202606.00,53.34,15.50,18.88,15.42
Emmvee Photovol.,544608,EMMVEE,INE1C6T01020,Electrical Equipment,Other Electrical Equipment,336.65,18.33,23307.79,0.00,380.29,102.64,1555.52,51.34,44.83,84.07,140.80,92.10,202606.00,18.98,5.49,23.55,101.40
Endurance Tech.,540153,ENDURANCE,INE913H01037,Auto Components,Auto Components & Equipments,2635.20,37.74,37067.53,0.44,244.52,8.03,4314.89,30.01,17.80,29.35,15.93,26.94,202606.00,68.95,17.38,25.59,18.35
EPack PrefabTech,544540,EPACKPEB,INE0MLS01022,Industrial Manufacturing,Industrial Products,226.90,24.09,2283.28,0.00,18.17,13.35,365.84,23.87,21.71,37.53,52.62,35.54,202606.00,9.43,1.81,-46.82,32.43
Fiem Industries,532768,FIEMIND,INE737H01014,Auto Components,Auto Components & Equipments,1949.00,19.51,5129.74,2.04,64.88,12.80,775.39,17.68,29.34,17.11,24.80,23.16,202606.00,99.91,24.65,22.10,15.07
Force Motors,500033,FORCEMOT,INE451A01017,Automobiles,Passenger Cars & Utility Vehicles,17274.50,20.68,22761.35,0.28,216.59,22.82,2440.01,6.21,36.05,8.44,82.00,27.39,202606.00,950.08,164.36,209.44,21.67
Fredun Pharma,539730,FREDUN,INE194R01017,Pharmaceuticals & Biotechnology,Pharmaceuticals,1352.90,50.25,2237.43,0.02,13.17,94.53,228.25,90.45,21.49,50.31,89.63,79.53,202606.00,28.09,7.98,36.58,32.26
FSN E-Commerce,543384,NYKAA,INE388Y01029,Retailing,E-Retail/ E-Commerce,339.35,365.06,97199.94,0.00,79.76,243.10,2782.00,29.10,17.23,27.41,233.75,63.50,202606.00,0.89,0.28,121.25,24.90
Garuda Cons,544271,GARUDA,INE0JVO01026,Construction,Civil Construction,176.30,12.05,1640.32,0.01,41.56,48.38,175.38,40.12,41.81,84.38,96.75,101.36,202606.00,14.63,4.47,-26.19,48.92
Gaudium IVF,544709,GAUDIUMIVF,INE0P8B01020,Healthcare Services,Healthcare Service Provider,116.45,36.59,847.55,0.00,1.78,-42.02,19.38,9.12,29.28,47.57,28.02,30.57,202606.00,3.51,0.24,-70.90,33.12
GE Vernova T&D,522275,GVT&D,INE200A01026,Electrical Equipment,Heavy Electrical Equipment,4251.90,80.61,108869.90,0.22,362.99,24.65,1836.14,38.04,77.44,43.91,76.51,71.55,202606.00,50.97,14.18,489.90,30.80
GK Energy,544525,GKENERGY,INE1AG301022,Construction,Civil Construction,124.60,11.28,2527.11,0.39,59.67,61.53,505.19,71.09,40.87,40.71,46.17,43.07,202606.00,11.04,2.94,-49.61,75.19
GLEN Industries,544444,,INE0UMC01019,Industrial Products,Packaging,125.20,18.31,301.26,0.00,8.20,-15.64,107.57,24.33,13.75,20.00,-8.09,-7.98,202603.00,6.86,3.41,-38.70,19.95
Globe Intl. Car.,,GICL,INE947T01022,Transport Services,Logistics Solution Provider,23.80,26.77,266.47,0.00,1.62,10.12,37.18,5.03,15.88,9.55,72.62,85.73,202606.00,0.89,0.17,65.65,15.45
Go Digit General,544179,GODIGIT,INE03JT01014,Insurance,General Insurance,251.00,47.13,23207.55,0.00,86.39,-37.55,2427.02,8.54,13.10,7.32,6.60,-27.77,202606.00,5.33,0.93,143.47,19.35
Godfrey Phillips,500163,GODFRYPHLP,INE260B01028,Cigarettes & Tobacco Products,Cigarettes & Tobacco Products,1913.45,21.82,29846.33,2.57,198.39,-44.32,1205.51,-18.89,30.25,1.69,11.70,14.73,202606.00,87.71,12.72,31.55,21.51
Gokul Agro,539725,GOKULAGRO,INE314T01033,Agricultural Food & other Products,Edible Oil,219.60,15.43,6480.07,0.00,122.64,71.26,5281.95,7.26,36.69,21.05,59.07,36.73,202606.00,14.25,4.16,40.78,30.88
Goldiam Intl.,526729,GOLDIAM,INE025B01025,Consumer Durables,"Gems, Jewellery And Watches",326.50,23.28,4915.63,0.61,73.98,119.59,326.03,41.92,25.79,27.01,64.00,32.03,202606.00,14.01,4.91,28.18,22.36
GPT Infraproject,533761,GPTINFRA,INE390G01014,Construction,Civil Construction,110.25,14.15,1393.20,2.50,24.34,4.90,302.07,-3.38,21.40,1.62,13.47,31.51,202606.00,7.79,1.95,42.14,16.82
Gravita India,533282,GRAVITA,INE024L01027,Minerals & Mining,Industrial Minerals,1630.50,30.70,12034.50,0.38,106.37,14.08,1475.06,41.84,17.02,17.48,15.85,31.74,202606.00,53.10,14.41,20.01,15.05
Gulshan Polyols,532457,GULPOLY,INE255D01024,Agricultural Food & other Products,Other Agricultural Products,169.15,7.19,1055.04,0.88,53.51,306.30,639.87,7.86,18.60,9.30,422.43,156.15,202606.00,23.65,8.58,36.50,25.15
HBL Engineering,517271,HBLENGINE,INE292B01021,Industrial Products,Other Industrial Products,717.75,24.80,19895.58,0.42,109.14,-25.07,638.03,6.03,59.30,62.97,133.59,125.54,202606.00,28.16,3.94,104.74,34.13
HDFC AMC,541729,HDFCAMC,INE127D01025,Capital Markets,Asset Management Company,2394.00,34.76,102657.24,2.20,838.36,12.09,1098.50,13.51,42.88,15.14,13.24,13.55,202606.00,68.86,19.56,26.00,23.00
Hindustan Copper,513599,HINDCOPPER,INE531E01026,Non - Ferrous Metals,Copper,495.70,39.54,47935.44,0.57,352.61,162.59,936.50,81.36,42.38,67.07,147.12,138.12,202606.00,11.78,3.65,49.82,22.43
Hindustan Foods,519126,HNDFDS,INE254N01026,Diversified FMCG,Diversified FMCG,600.70,44.99,7278.24,0.00,42.76,32.75,1201.08,17.90,14.06,17.64,40.19,25.85,202606.00,13.20,3.53,26.29,17.84
Hitachi Energy,543187,POWERINDIA,INE07Y701011,Electrical Equipment,Heavy Electrical Equipment,30210.00,112.98,134653.11,0.03,294.15,123.52,2493.69,68.62,29.36,40.17,135.80,112.70,202606.00,258.09,65.99,118.14,22.17
ICICI AMC,544658,ICICIAMC,INE346A01027,Capital Markets,Asset Management Company,3078.50,43.71,152157.45,0.89,964.63,23.10,1564.22,17.55,115.10,20.53,24.43,24.59,202606.00,100.95,19.52,-57.33,28.35
India Glycols,500201,INDIAGLYCO,INE560A01023,Beverages,Breweries & Distilleries,280.95,5.94,1883.12,2.67,96.83,32.19,1130.39,8.64,12.40,12.01,30.01,25.07,202606.00,48.01,14.45,35.12,16.68
India Nipp.Elec.,532240,INDNIPPON,INE092B01025,Auto Components,Auto Components & Equipments,1285.00,31.87,2906.89,1.17,39.83,4.11,299.46,28.11,16.96,26.47,10.85,26.39,202603.00,49.14,17.61,23.66,17.64
Innova Captab,544067,INNOVACAP,INE0DUT01020,Pharmaceuticals & Biotechnology,Pharmaceuticals,1138.05,42.28,6512.50,0.17,44.13,42.26,470.85,33.94,14.96,34.47,18.68,32.34,202606.00,26.92,7.71,21.11,20.73
International Gemological Instit,544311,IGIL,INE0Q9301021,Commercial Services & Supplies,Diversified Commercial Services,313.65,22.24,13554.69,0.82,165.74,30.99,370.78,23.22,69.25,21.59,24.26,23.71,202606.00,14.11,3.84,,48.18
Inventurus Knowl,544309,IKS,INE115Q01022,IT - Services,IT Enabled Services,1782.60,40.12,30600.70,0.00,193.74,27.85,893.63,20.74,31.51,21.10,40.91,35.89,202606.00,44.50,11.29,29.56,45.76
Ipca Labs.,524494,IPCALAB,INE571A01038,Pharmaceuticals & Biotechnology,Pharmaceuticals,1941.00,35.87,49243.94,0.30,424.27,72.33,2788.10,20.76,16.98,10.59,53.52,27.53,202606.00,51.63,15.84,37.40,15.66
Jaro Institute,544534,JARO,INE00YJ01010,Other Consumer Services,E-Learning,466.85,18.40,1039.68,1.06,11.17,48.34,70.75,16.61,22.09,12.52,34.84,4.43,202606.00,25.49,5.02,37.26,30.88
Jeena Sikho,544476,JSLL,INE0J5801029,Leisure Services,Wellness,502.55,26.41,6246.74,0.89,65.69,28.03,224.40,28.75,70.74,56.71,103.13,86.67,202606.00,19.03,5.28,88.23,57.83
Jindal Drilling,511034,JINDRILL,INE742C01031,Oil,Offshore Support Solution Drilling,604.70,9.00,1752.39,0.16,47.14,-28.69,275.39,8.38,13.67,11.72,-18.20,11.47,202606.00,66.13,16.27,21.94,24.84
JSW Infrast,543994,JSWINFRA,INE880J01026,Transport Infrastructure,Port & Port services,329.70,49.47,76820.15,0.26,357.60,-9.89,1444.83,18.06,13.59,19.02,-2.82,15.79,202606.00,6.91,1.49,23.55,18.84
Jupiter Life Lin,543980,JLHL,INE682M01020,Healthcare Services,Hospital,275.05,47.19,9016.97,0.07,37.52,-14.58,410.98,16.44,14.80,14.76,-0.87,10.05,202606.00,5.72,1.14,30.15,18.89
Jyoti CNC Auto.,544081,JYOTICNC,INE980O01024,Industrial Manufacturing,Industrial Products,976.50,69.04,22207.91,0.00,57.14,-19.99,508.47,23.97,21.32,17.44,-4.40,7.72,202606.00,14.15,2.51,60.90,31.08
K.P. Energy,539686,KPEL,INE127T01021,Power,Power Generation,211.90,7.90,1436.62,0.42,26.08,2.60,519.46,136.61,39.22,74.26,48.57,64.07,202606.00,27.04,3.85,61.01,50.68
Kalyan Jewellers,543278,KALYANKJIL,INE303R01014,Consumer Durables,"Gems, Jewellery And Watches",610.35,43.15,63033.97,0.41,348.67,32.03,10588.93,45.68,21.15,45.79,82.64,57.13,202606.00,13.90,3.38,44.45,36.44
Kalyani Cast-Tec,544023,,INE0N6U01018,Industrial Manufacturing,Industrial Products,1145.00,46.04,822.17,0.00,7.53,20.87,57.59,-16.57,31.04,7.74,28.12,14.37,202603.00,24.87,10.49,15.76,33.34
KMC Speciality,524520,KMCSHIL,INE879K01018,Healthcare Services,Hospital,134.10,39.16,2187.20,0.00,16.57,119.76,91.78,37.91,26.24,35.06,137.83,65.48,202606.00,3.42,1.02,20.40,25.21
Knack Packaging,544814,KNACK,INE17QZ01016,Industrial Products,Packaging,178.55,21.46,2184.88,0.00,31.51,58.98,256.82,40.32,34.07,11.42,27.20,11.88,202603.00,8.94,3.15,-41.76,16.45
KP Green Engg.,544150,,INE0QVH01025,Electrical Equipment,Heavy Electrical Equipment,264.00,9.76,1320.00,0.20,77.44,66.47,713.50,65.06,36.69,79.33,83.48,124.45,202603.00,27.15,15.49,-37.02,122.06
Krishna Defence,,KRISHNADEF,INE0J5601015,Aerospace & Defense,Aerospace & Defense,1026.70,37.45,1534.66,0.12,11.67,32.92,57.60,-15.18,31.07,29.10,73.10,68.42,202606.00,27.47,7.81,76.63,56.93
Kusumgar,544821,KUSUMGAR,INE0ISX01025,Textiles & Apparels,Other Textile Products,553.45,46.19,5810.75,0.00,41.86,882.63,241.91,93.59,18.84,-16.14,-18.94,-7.25,202603.00,8.68,3.99,-83.20,29.24
Kwality Pharma,539997,KPL,INE552U01010,Pharmaceuticals & Biotechnology,Pharmaceuticals,3527.20,44.88,3659.89,0.00,25.62,114.75,162.35,45.63,24.08,37.94,88.02,54.87,202606.00,78.11,24.69,28.78,26.08
Kwick Forensic,544895,,INE1SFA01019,Industrial Manufacturing,Industrial Products,147.60,23.38,316.39,0.00,,,,,51.41,62.56,58.18,56.07,202603.00,8.01,,-47.31,73.10
Lodha Developers,543287,LODHA,INE670K01029,Realty,"Residential, Commercial Projects",1074.70,26.03,107398.59,0.38,1373.10,103.36,4996.70,43.10,16.41,26.04,39.20,39.02,202606.00,41.30,13.73,54.59,20.76
Lumino Inds,544894,LUMINO,INE185Q01025,Industrial Products,Cables - Electricals,103.86,19.80,3163.15,0.00,63.70,,947.62,,26.61,6.51,28.40,8.37,202603.00,6.57,20.92,-1.03,38.97
Lupin,500257,LUPIN,INE326A01037,Pharmaceuticals & Biotechnology,Pharmaceuticals,2061.20,15.80,94251.65,0.86,1416.98,16.08,8276.89,32.04,29.93,28.19,60.96,66.04,202606.00,120.98,30.95,139.79,18.88
Man Industries,513269,MANINDS,INE993A01026,Industrial Products,Iron & Steel Products,812.15,29.80,6091.80,0.00,61.43,122.41,1053.13,41.91,16.21,10.75,26.31,70.04,202606.00,27.24,8.19,32.74,16.89
Manaksia Steels,539044,MANAKSTEEL,INE824Q01011,Ferrous Metals,Iron & Steel,112.00,13.54,733.99,0.00,22.38,252.44,302.22,50.37,13.41,83.58,244.56,386.41,202606.00,8.27,3.42,48.86,17.97
Mangalam Global,544273,MGEL,INE0APB01032,Agricultural Food & other Products,Other Agricultural Products,15.51,13.82,511.15,0.06,8.43,25.04,952.07,10.89,16.96,41.38,46.52,45.50,202606.00,1.43,0.26,34.11,33.46
Mangalam World.,544764,MWL,INE0JYY01029,Metals & Minerals Trading,Trading - Metals,41.48,23.69,1231.98,0.07,12.02,17.69,316.22,14.68,17.70,12.75,63.43,76.11,202606.00,1.75,0.40,44.17,23.30
Manorama Indust.,541974,MANORAMA,INE00VM01036,Food Products,Other Food Products,2006.55,47.92,12665.80,0.04,81.59,61.31,403.96,39.51,35.41,58.81,77.23,63.59,202606.00,44.25,13.66,98.45,57.01
Marsons,517467,MARSONS,INE415B01044,Electrical Equipment,Heavy Electrical Equipment,121.90,47.47,2097.91,0.04,5.93,-26.15,49.26,4.74,25.39,33.29,43.23,52.04,202606.00,2.57,0.34,136.61,277.36
Maruti Suzuki,532500,MARUTI,INE585B01010,Automobiles,Passenger Cars & Utility Vehicles,12297.50,26.99,386636.62,1.12,3446.90,-9.11,52469.80,35.91,18.87,26.61,-1.37,8.13,202606.00,455.91,109.63,19.59,15.68
Master Trust,511768,MASTERTR,INE677D01037,Capital Markets,Stockbroking & Allied,88.82,8.20,1092.63,0.00,34.65,27.81,149.79,13.77,23.85,6.98,8.03,5.67,202606.00,10.86,2.82,19.17,19.30
MMP Industries,,MMP,INE511Y01018,Non - Ferrous Metals,Aluminium,457.45,26.05,1162.05,0.41,13.70,15.32,232.60,26.90,12.49,21.35,13.12,23.42,202606.00,19.73,5.39,21.92,15.25
Monarch Networth,511551,MONARCH,INE903D01011,Capital Markets,Stockbroking & Allied,366.00,16.03,2902.69,0.28,45.18,-0.15,90.89,-7.24,27.68,7.49,17.25,14.89,202606.00,22.85,5.70,53.28,32.08
Msafe Equipments,544695,,INE2B5L01011,Non - Ferrous Metals,Aluminium,300.00,22.92,612.00,0.00,7.27,44.25,31.79,39.92,37.21,44.24,86.50,66.82,202603.00,10.99,3.56,-30.69,56.17
Neetu Yoshi,544434,,INE0UZO01024,Industrial Products,Castings & Forgings,205.20,31.84,796.44,0.00,13.47,58.96,54.20,53.19,31.78,39.33,52.47,31.63,202603.00,6.45,3.47,51.91,82.31
Nephrocare Health Services,544647,NEPHROPLUS,INE428V01029,Healthcare Services,Healthcare Service Provider,738.00,87.19,7421.29,0.00,31.97,34.89,281.75,23.69,15.34,32.16,11.62,35.11,202606.00,4.19,3.19,28.61,31.70
Netweb Technol.,543945,NETWEB,INE0NT901020,IT - Services,IT Enabled Services,4631.00,105.64,27530.15,0.06,85.32,179.92,819.69,172.13,37.48,107.70,102.07,96.42,202606.00,45.87,14.98,57.58,69.93
Newgen Software,540900,NEWGEN,INE619B01017,IT - Software,Computers - Software & Consulting,502.05,20.86,7154.67,1.15,62.82,26.35,356.68,11.23,25.01,7.88,8.01,11.56,202606.00,22.06,4.41,21.77,17.36
Nippon Life Ind.,540767,NAM-INDIA,INE298J01013,Capital Markets,Asset Management Company,1167.05,45.59,74665.75,1.81,503.70,27.16,766.87,26.42,43.80,23.01,21.24,26.51,202606.00,25.66,7.88,27.34,24.59
Novus Loyalty,544735,,INE1TFS01019,Media,Web based media and service,213.00,35.69,331.23,0.00,3.90,,56.01,,33.39,21.79,148.13,116.70,202603.00,5.97,2.51,-77.71,28.83
Olectra Greentec,532439,OLECTRA,INE260D01016,Automobiles,Passenger Cars & Utility Vehicles,1189.70,55.05,9765.13,0.05,26.66,-0.31,575.51,65.75,21.05,38.43,25.90,33.59,202606.00,21.62,3.16,39.36,28.46
Omax Autos,520021,OMAXAUTO,INE090B01011,Auto Components,Auto Components & Equipments,172.30,9.09,368.57,2.90,10.60,21.98,121.99,22.43,15.41,31.75,187.57,61.02,202606.00,18.93,4.96,49.42,17.22
Oriana Power Ltd,,ORIANA,INE0OUT01019,Electrical Equipment,Other Electrical Equipment,1281.05,10.27,2602.97,0.00,130.41,19.02,1032.49,64.51,39.61,83.72,59.15,69.67,202603.00,124.19,64.42,99.09,137.89
Paras Defence,543367,PARAS,INE045601023,Aerospace & Defense,Aerospace & Defense,1343.70,117.11,10828.40,0.07,20.74,42.70,127.91,37.26,17.19,36.61,45.66,37.36,202606.00,11.72,2.63,31.32,28.92
Parmeshwar Metal,544330,,INE0QQJ01021,Industrial Products,"Aluminium, Copper & Zinc Products",318.00,15.06,486.73,0.39,23.46,250.15,1127.70,50.08,43.41,42.72,194.44,182.03,202603.00,21.23,15.33,-43.75,26.62
Pearl Global Ind,532808,PGIL,INE940H01022,Textiles & Apparels,Garments & Apparels,1140.55,33.66,10536.53,0.64,99.24,50.93,1528.26,24.46,19.93,13.75,24.25,23.35,202606.00,33.64,10.88,22.73,16.74
Piccadily Agro,530305,PICCADIL,INE546C01010,Beverages,Breweries & Distilleries,587.10,41.15,5787.21,0.17,21.44,16.33,251.18,17.42,18.01,28.56,30.47,23.75,202606.00,14.26,2.18,80.61,18.69
Pitti Engg.,513519,PITTIENG,INE450D01021,Industrial Manufacturing,Industrial Products,1110.00,33.58,4179.56,0.21,29.50,28.93,529.09,15.89,14.84,12.19,-1.10,13.23,202606.00,33.04,7.83,19.61,20.25
POCL Enterprises,539195,POEL,INE035S01028,Chemicals & Petrochemicals,Commodity Chemicals,141.10,12.79,434.11,0.83,5.71,-50.95,466.04,25.13,26.50,4.56,-9.41,-10.17,202606.00,10.95,1.86,40.76,17.87
Polycab India,542652,POLYCAB,INE455K01017,Industrial Products,Cables - Electricals,8191.50,43.11,123439.04,0.57,796.66,32.46,8209.73,39.01,33.21,32.06,29.24,32.46,202606.00,190.23,52.07,27.28,26.98
Poojaa Precision Engg.,544844,,INE288301026,Auto Components,Auto Components & Equipments,699.00,45.16,1394.13,0.00,,,,,33.41,32.08,28.68,29.72,202603.00,21.11,,-49.48,21.54
Prec. Wires (I),523539,PRECWIRE,INE372C01037,Industrial Products,"Aluminium, Copper & Zinc Products",440.70,46.10,8056.48,0.27,46.45,71.47,1779.24,59.49,32.94,46.02,84.03,67.15,202606.00,9.58,2.54,36.98,21.27
Premier Energies,544238,PREMIERENE,INE0BS701011,Electrical Equipment,Other Electrical Equipment,951.00,25.96,43170.75,0.10,471.92,50.45,2462.59,35.25,33.32,26.70,59.07,29.05,202606.00,36.73,10.20,293.96,76.27
Privi Speci.,530117,PRIVISCL,INE959A01019,Chemicals & Petrochemicals,Specialty Chemicals,3444.30,38.46,13454.35,0.28,82.84,35.98,666.22,19.22,22.30,21.63,60.80,36.55,202606.00,89.47,21.54,143.66,16.83
Prudent Corp.,543527,PRUDENT,INE00F201020,Capital Markets,Financial Products Distributor,3277.45,55.41,13570.79,0.10,74.76,44.38,347.63,18.34,37.48,19.45,20.57,22.68,202606.00,59.18,18.06,23.91,29.51
Q-Line Biotech,,QLINE,INE1G2W01011,Healthcare Equipment & Supplies,Medical Equipment & Supplies,676.55,27.94,1578.28,0.00,34.41,147.29,197.94,-8.59,22.46,8.99,25.23,31.52,202603.00,34.24,21.14,-44.57,23.25
Quality Power El,544367,QPOWER,INE0SII01026,Electrical Equipment,Heavy Electrical Equipment,1353.75,78.67,10483.97,0.07,46.72,49.59,232.67,31.66,31.53,121.98,89.95,156.19,202606.00,17.21,4.66,-95.14,55.23
R R Kabel,543981,RRKABEL,INE777K01022,Industrial Products,Cables - Electricals,2395.35,44.28,27092.73,0.39,205.20,117.32,3168.20,53.90,28.10,37.66,81.49,73.72,202606.00,53.72,18.14,31.59,20.19
Radico Khaitan,532497,RADICO,INE944F01028,Beverages,Breweries & Distilleries,4398.40,82.95,58930.83,0.21,229.60,69.15,1683.69,11.80,24.15,19.30,75.94,50.78,202606.00,52.54,17.14,40.96,24.43
Raghav Product.,539837,RPEL,INE912T01018,Industrial Products,Electrodes & Refractories,1623.10,118.89,7453.59,0.05,19.57,67.55,86.91,48.72,30.30,33.90,55.29,48.23,202606.00,13.65,4.26,28.41,23.22
Railtel Corpn.,543265,RAILTEL,INE0DD101019,Telecom - Services,Other Telecom Services,254.25,22.06,8159.91,1.24,65.78,11.62,893.27,20.09,22.85,20.85,16.17,19.46,202606.00,10.78,2.05,24.24,29.77
Rajoo Engineers,522257,RAJOOENG,INE535F01024,Industrial Manufacturing,Industrial Products,53.55,19.75,956.80,0.28,17.35,3.40,123.07,44.67,24.70,32.79,1.76,15.55,202606.00,2.71,0.87,60.15,29.16
Rashi Peripheral,544119,RPTECH,INE0J1F01024,IT - Hardware,Computers Hardware & Equipments,797.00,16.60,5292.53,0.24,104.57,67.60,5101.85,61.85,17.00,40.44,50.28,60.68,202606.00,48.41,15.59,,18.74
Rategain Travel,543417,RATEGAIN,INE0CLI01024,IT - Software,Computers - Software & Consulting,881.15,39.96,10444.54,0.00,94.91,102.24,785.01,187.63,13.88,114.36,24.18,98.02,202606.00,20.50,8.01,43.86,47.77
Rubicon Research,544578,RUBICON,INE506V01022,Pharmaceuticals & Biotechnology,Pharmaceuticals,1830.05,105.20,30293.24,0.08,84.78,95.80,534.34,51.59,28.35,46.65,89.49,59.01,202606.00,17.68,5.13,34.77,64.57
S J Logistics (I,,SJLOGISTIC,INE0F3301020,Transport Services,Logistics Solution Provider,312.45,6.54,494.41,0.00,43.43,49.50,370.89,33.62,32.38,30.11,44.43,58.72,202603.00,49.57,28.40,24.13,69.48
Sagility,544282,SAGILITY,INE0W2G01015,IT - Services,IT Enabled Services,45.98,21.03,21524.77,0.32,216.81,52.97,1963.48,27.59,13.41,29.43,54.46,30.91,202606.00,2.12,0.46,38.30,19.47
Sakar Healthcare,,SAKAR,INE732S01012,Pharmaceuticals & Biotechnology,Pharmaceuticals,1151.35,71.02,2561.73,0.00,10.28,120.13,72.97,38.36,12.42,43.76,82.27,49.84,202606.00,16.22,4.62,27.14,23.52
Sambhv Steel,544430,SAMBHV,INE12NJ01018,Industrial Products,Iron & Steel Products,129.20,22.86,3807.12,0.00,56.61,69.49,732.17,31.07,19.07,48.73,149.65,64.70,202606.00,5.65,1.92,-45.56,37.06
Samvardh. Mothe.,517334,MOTHERSON,INE775A01035,Auto Components,Auto Components & Equipments,159.00,36.72,167815.61,0.36,1075.66,81.52,35243.77,16.65,13.43,14.02,35.30,22.53,202606.00,4.15,0.98,38.62,17.02
Sandhar Tech,541163,SANDHAR,INE278H01035,Auto Components,Auto Components & Equipments,609.95,17.52,3671.35,0.64,37.28,33.10,1381.89,26.77,12.29,26.63,50.85,21.17,202606.00,34.55,6.19,25.95,18.59
Sandur Manganese,504918,SANDUMA,INE149K01016,Ferrous Metals,Iron & Steel,181.45,11.92,8820.43,0.26,227.85,36.28,1374.78,21.09,24.23,45.22,50.62,40.34,202606.00,14.75,4.67,36.71,33.77
Sanghvi Movers,530073,SANGHVIMOV,INE989A01032,Commercial Services & Supplies,Diversified Commercial Services,404.00,17.04,3497.70,0.48,65.25,29.82,379.67,38.89,15.63,30.05,23.26,19.75,202606.00,23.02,7.54,20.31,32.92
Sat Kartar Life,,SATKARTAR,INE0NB801022,Pharmaceuticals & Biotechnology,Pharmaceuticals,144.00,14.28,227.45,0.48,9.47,58.10,105.49,21.07,35.76,18.98,63.89,73.86,202603.00,10.96,6.01,40.93,32.69
SBI Funds Mgt.,544829,SBIFUNDS,INE640G01020,Capital Markets,Asset Management Company,534.00,35.13,108766.65,0.00,880.26,3.70,1152.73,15.16,56.50,17.27,20.76,18.66,202603.00,15.06,4.32,31.33,27.34
Schneider Elect.,534139,SCHNEIDER,INE839M01018,Electrical Equipment,Heavy Electrical Equipment,1194.10,147.35,28550.96,0.00,12.44,-69.84,651.36,4.78,29.65,9.56,-21.69,-9.41,202606.00,7.69,0.52,27.16,17.60
SEAMEC Ltd,526807,SEAMECLTD,INE497B01018,Transport Services,Shipping,1733.85,17.21,4408.27,0.11,81.34,7.19,296.92,40.77,19.70,60.32,122.39,79.46,202606.00,101.02,31.94,104.66,29.63
Senores Pharma.,544319,SENORES,INE0RB801010,Pharmaceuticals & Biotechnology,Pharmaceuticals,1432.55,52.20,6597.45,0.00,30.45,55.70,180.21,30.60,15.13,50.95,86.99,96.14,202606.00,27.44,6.67,42.87,161.59
Shaily Engineer.,501423,SHAILY,INE151G01028,Consumer Durables,Plastic Products - Consumer,3219.75,83.29,14809.27,0.09,52.47,45.87,274.78,22.07,30.17,22.25,83.13,57.74,202606.00,38.68,11.41,75.13,15.38
Shakti Pumps,531431,SHAKTIPUMP,INE908D01010,Industrial Products,"Compressors, Pumps & Diesel Engines",476.60,27.74,5881.23,0.20,51.59,-46.72,858.67,37.94,23.64,14.10,-48.53,-40.89,202606.00,17.21,4.18,112.17,40.74
Shankara Buildpro,544517,BUILDPRO,INE24OJ01011,Retailing,Speciality Retail,1295.50,23.65,3141.49,0.39,35.78,11.04,1889.79,20.51,39.02,26.33,42.05,41.57,202606.00,54.14,14.68,,19.20
Shankesh Jewellers,544882,SHANKESH,INE1WFC01025,Consumer Durables,"Gems, Jewellery And Watches",95.43,13.10,1403.21,0.00,,,,,50.26,16.17,164.57,141.62,202603.00,9.08,,-37.63,21.50
Sharat Industrie,519397,SHINDL,INE220Z01013,Food Products,Seafood,160.00,37.33,627.43,0.15,6.28,16.95,120.30,4.43,12.92,30.53,37.00,16.44,202606.00,4.29,1.60,34.72,16.50
Shree Refrigerat,544458,,INE0FMZ01045,Aerospace & Defense,Aerospace & Defense,373.00,61.97,1335.18,0.00,19.96,343.56,103.16,116.00,13.84,55.53,69.39,21.03,202603.00,6.04,5.60,,44.83
Sigma Solve,543917,SIGMA,INE0A0S01028,IT - Services,IT Enabled Services,44.91,14.73,461.54,1.13,12.58,142.86,23.03,11.47,48.33,21.23,53.83,19.36,202606.00,3.04,1.22,26.93,19.64
Signpost India,544117,SIGNPOST,INE0KGZ01021,Media,Advertising & Media Agencies,265.75,19.33,1420.45,0.18,18.69,22.32,152.26,10.61,25.13,20.42,94.16,54.30,202606.00,13.74,3.50,,20.10
Sika Interplant,523606,SIKA,INE438E01032,Aerospace & Defense,Aerospace & Defense,1028.50,62.85,2180.54,0.32,8.40,-18.84,42.86,-36.98,34.56,0.45,9.68,16.61,202606.00,16.35,3.96,60.21,52.12
Silver Touch,543525,SILVERTUC,INE625X01026,IT - Software,Computers - Software & Consulting,151.65,46.15,1923.10,0.07,10.00,147.28,78.02,23.45,29.78,20.90,81.93,65.12,202606.00,3.28,0.79,55.71,27.82
Simplex Castings,513472,,INE658D01029,Industrial Products,Other Industrial Products,120.00,20.43,492.00,0.00,6.86,44.73,60.95,34.85,24.28,15.32,30.61,12.83,202606.00,5.84,1.67,58.22,20.07
Skipper,538562,SKIPPER,INE439E01022,Electrical Equipment,Heavy Electrical Equipment,533.40,26.55,6024.09,0.02,56.47,26.44,1309.83,4.46,23.52,17.18,42.72,23.50,202606.00,19.41,5.00,88.10,41.01
SML Mahindra,505192,SMLMAH,INE294B01019,"Agricultural, Commercial & Construction Vehicles",Commercial Vehicles,6261.55,57.90,9060.51,0.36,63.62,-4.99,957.54,13.20,30.90,18.07,9.96,6.00,202606.00,108.08,43.96,100.39,15.93
SMS Pharma.,532815,SMSPHARMA,INE812G01025,Pharmaceuticals & Biotechnology,Pharmaceuticals,405.15,37.07,3794.27,0.09,20.91,2.05,206.96,5.56,13.30,10.25,39.99,19.36,202606.00,10.93,2.23,147.38,19.32
South West Pinn.,543986,SOUTHWEST,INE980Y01015,Commercial Services & Supplies,Diversified Commercial Services,200.80,16.38,655.61,0.00,9.34,289.17,61.68,53.36,20.02,39.23,135.81,100.03,202606.00,13.40,3.13,51.02,25.06
Spectrum Electr.,544386,SPECTRUM,INE01EO01010,Industrial Manufacturing,Industrial Products,3162.25,99.39,4969.12,0.00,13.29,118.23,155.88,84.36,17.69,40.95,83.82,61.47,202606.00,31.82,8.46,69.75,25.81
SPR Auto Technologies,544344,SHRIPISTON,INE526E01018,Auto Components,Auto Components & Equipments,4297.45,34.13,19934.24,0.23,147.70,8.00,1474.40,53.06,20.78,35.19,11.14,24.55,202606.00,127.95,32.78,25.02,19.55
SRM Contractors,544158,SRM,INE0R6Z01013,Construction,Civil Construction,421.20,8.19,966.40,0.00,19.71,54.59,196.26,37.82,37.14,75.33,86.75,102.18,202606.00,51.42,8.59,63.20,50.59
Supreme Power,,SUPREMEPWR,INE0QHG01026,Electrical Equipment,Other Electrical Equipment,210.00,25.11,524.82,0.00,4.90,10.11,51.06,33.56,21.51,31.27,9.89,25.82,202603.00,8.18,1.96,-68.94,36.02
Supriya Lifesci.,543434,SUPRIYA,INE07RO01027,Pharmaceuticals & Biotechnology,Pharmaceuticals,880.90,35.70,7089.78,0.11,24.04,-30.90,189.75,30.80,25.17,28.14,11.58,15.94,202606.00,24.65,2.99,32.49,21.55
Suraksha Diagno.,544293,SURAKSHA,INE877V01027,Healthcare Services,Healthcare Service Provider,325.00,47.28,1692.60,0.15,12.85,38.40,87.65,20.75,17.29,23.32,7.57,21.00,202606.00,6.87,2.50,-61.77,17.75
Syncom Formul.,524470,SYNCOMF,INE312C01025,Pharmaceuticals & Biotechnology,Pharmaceuticals,18.75,20.79,1762.50,0.50,24.59,56.62,124.66,6.96,26.84,0.24,49.06,45.95,202606.00,0.90,0.26,56.22,29.91
Syrma SGS Tech.,543573,SYRMA,INE0DYJ01015,Industrial Manufacturing,Industrial Products,1519.40,78.91,29298.66,0.09,105.69,101.19,1588.62,68.29,16.78,53.01,84.00,77.10,202606.00,19.10,5.19,35.47,33.00
Systango Tech,,SYSTANGO,INE0O7R01011,IT - Software,Computers - Software & Consulting,229.00,10.53,335.90,3.06,13.57,-3.28,44.89,17.02,32.99,34.61,50.95,48.39,202603.00,21.73,9.25,32.23,19.97
Systematic Inds.,544541,,INE1KLZ01011,Industrial Products,Cables - Electricals,275.70,28.63,615.68,0.00,11.73,4.17,298.83,6.03,17.45,23.74,13.87,5.26,202603.00,9.41,5.25,-53.85,19.91
Tara Chand Infra,,TARACHAND,INE555Z01020,Commercial Services & Supplies,Diversified Commercial Services,47.63,16.18,375.44,0.43,1.68,-70.39,67.63,10.74,18.25,10.71,-13.41,17.65,202606.00,2.91,0.21,55.25,26.43
Teamtech Formwork,,TEAMTECH,INE2OL601013,Other Construction Materials,Other Construction Materials,126.00,32.58,377.70,0.00,7.33,,31.74,,41.17,62.49,47.83,89.41,202603.00,5.26,14.32,-22.98,38.37
TechD Cybersec.,,TECHD,INE0Y5H01014,IT - Services,IT Enabled Services,580.30,30.90,434.04,0.00,7.67,149.84,33.63,98.76,40.88,73.86,67.14,57.84,202603.00,18.77,10.25,-72.87,89.95
Tempsens Instruments,544886,TEMPSENS,INE1KZI01025,Industrial Manufacturing,Industrial Products,538.75,67.68,4516.42,0.00,,,,,17.84,17.53,9.77,10.11,202603.00,8.35,,-83.06,22.81
Thangamayil Jew.,533158,THANGAMAYL,INE085J01014,Consumer Durables,"Gems, Jewellery And Watches",4950.00,39.16,15385.61,0.35,85.09,86.15,2666.38,71.16,25.49,83.21,264.16,189.38,202606.00,125.81,27.38,64.12,39.18
The Anup Enginee,542460,ANUP,INE294Z01018,Industrial Manufacturing,Industrial Products,1633.00,38.09,3271.14,0.72,0.57,-97.83,125.25,-28.52,21.00,1.38,-28.79,-16.87,202606.00,42.28,0.28,28.82,25.97
Thomas Cook (I),500413,THOMASCOOK,INE332A01027,Leisure Services,"Tour, Travel Related Services",103.55,21.71,4870.81,0.47,63.71,-0.01,2091.89,-13.13,14.87,-4.26,-12.01,-15.27,202606.00,4.65,1.53,221.55,18.49
Thyrocare Tech.,539871,THYROCARE,INE594H01019,Healthcare Services,Healthcare Service Provider,545.45,48.08,8681.67,1.70,51.33,34.06,240.02,24.34,35.38,21.09,69.85,37.73,202606.00,11.08,3.28,35.69,16.33
Tinna Rubber,530475,TINNARUBR,INE015C01016,Industrial Products,Rubber,965.45,28.20,1739.34,0.31,20.57,75.21,156.18,19.89,22.46,14.43,38.20,46.57,202606.00,34.24,11.42,33.30,22.45
TIPCO Engineering,544740,,INE1U6D01014,Industrial Manufacturing,Industrial Products,263.05,21.60,546.29,0.00,16.73,156.99,94.97,65.51,36.23,9.12,63.29,59.86,202603.00,12.19,8.06,-83.18,59.25
Tips Music,532375,TIPSMUSIC,INE716B01029,Entertainment,Media & Entertainment,661.00,39.36,8449.65,1.97,43.70,-4.67,106.51,20.94,118.47,21.28,27.11,30.63,202606.00,16.79,3.42,39.31,26.21
TPL Plastech,526582,TPLPLASTEH,INE413G01022,Industrial Products,Packaging,66.00,17.07,514.82,2.00,6.54,19.56,124.38,37.59,22.28,25.92,22.57,17.96,202606.00,3.86,0.84,24.37,16.02
Transrail Light,544317,TRANSRAILL,INE454P01035,Electrical Equipment,Heavy Electrical Equipment,407.40,13.09,5469.57,0.73,107.88,1.95,1736.03,4.59,33.56,14.95,9.71,8.93,202606.00,30.17,8.04,-13.48,29.72
Trident Lifeline,543616,,INE0MKA01014,Pharmaceuticals & Biotechnology,Pharmaceuticals,288.80,16.44,345.30,0.00,5.07,64.38,33.72,42.82,20.56,65.75,31.23,44.11,202606.00,17.73,4.22,44.99,59.68
Triveni Turbine,533655,TRITURBINE,INE152M01016,Electrical Equipment,Heavy Electrical Equipment,545.60,49.95,17344.54,0.75,51.10,-20.78,442.70,19.23,34.12,17.70,1.60,2.94,202606.00,10.58,1.61,24.55,20.47
Unified Data,544406,,INE1ABX01018,IT - Services,IT Enabled Services,377.50,18.62,758.40,2.92,23.48,94.05,138.97,21.47,45.25,30.75,38.14,12.00,202603.00,20.28,11.69,-89.94,37.62
Univastu India,,UNIVASTU,INE562X01013,Construction,Civil Construction,147.00,17.44,529.01,0.00,10.06,281.61,103.72,252.67,29.96,106.68,163.23,50.19,202606.00,8.43,2.77,49.35,40.92
Uno Minda,532539,UNOMINDA,INE405E01023,Auto Components,Auto Components & Equipments,1171.10,55.31,67627.17,0.22,315.51,1.76,5556.85,23.79,19.65,18.80,18.84,13.47,202606.00,20.83,5.12,22.91,20.49
V-Marc India,,VMARCIND,INE0GXK01018,Industrial Products,Cables - Electricals,339.75,42.55,4978.19,0.00,28.55,163.62,555.51,102.42,41.37,98.43,176.03,106.27,202603.00,6.83,1.95,106.95,93.61
Varun Beverages,540180,VBL,INE200M01039,Beverages,Other Beverages,410.45,41.00,138833.32,0.36,1525.36,15.47,8451.23,20.43,19.71,14.46,18.88,13.12,202606.00,10.01,4.50,22.31,18.08
Venus Pipes,543528,VENUSPIPES,INE0JA001018,Industrial Products,Iron & Steel Products,1944.00,38.71,4027.22,0.05,26.41,6.66,320.54,15.97,21.27,21.73,15.37,19.96,202606.00,50.09,12.75,31.42,28.31
Vertoz,,VERTOZ,INE188Y01031,Media,Advertising & Media Agencies,38.17,12.34,325.32,0.25,7.36,5.02,81.64,15.82,14.16,14.12,-2.87,43.73,202606.00,3.10,0.79,-12.72,52.18
Vesuvius India,520113,VESUVIUS,INE386A01023,Industrial Products,Electrodes & Refractories,402.40,31.88,8167.22,0.36,58.51,-7.13,536.17,2.26,21.34,8.91,2.17,6.30,202606.00,12.62,2.88,25.80,16.16
Vijaya Diagnost.,543350,VIJAYA,INE043W01024,Healthcare Services,Healthcare Service Provider,1452.95,79.80,14965.09,0.13,53.10,37.60,230.98,22.83,20.53,20.18,23.76,26.77,202606.00,18.24,5.16,23.93,21.03
Vikram Solar,544488,VIKRAMSOLR,INE078V01014,Electrical Equipment,Other Electrical Equipment,163.80,16.45,5935.34,0.00,19.78,-85.17,1563.09,37.89,30.56,33.26,44.08,28.53,202606.00,9.85,0.55,180.52,32.32
Vishal Mega Mart,544307,VMM,INE01EA01019,Retailing,Diversified Retail,100.50,52.76,47082.34,0.00,258.77,25.57,3727.01,18.68,15.18,19.83,29.66,21.26,202606.00,1.91,0.55,37.39,19.38
Vivid Electromech,,VIVIDEL,INE24H301028,Electrical Equipment,Other Electrical Equipment,1802.95,50.72,1602.41,0.00,22.16,41.69,129.57,27.96,58.63,28.91,56.10,58.46,202603.00,45.13,31.64,95.98,50.00
Viyash Scientific,512529,VIYASH,INE807F01027,Pharmaceuticals & Biotechnology,Pharmaceuticals,249.50,49.59,10990.90,0.00,79.29,103.59,946.36,19.54,13.42,53.04,147.82,134.16,202606.00,5.76,1.51,56.12,34.02
Waaree Energies,544277,WAAREEENER,INE377N01017,Electrical Equipment,Other Electrical Equipment,2562.30,18.31,73704.87,0.15,891.87,14.09,7931.79,79.22,38.78,94.31,81.21,100.58,202606.00,132.67,29.56,76.01,57.82
Waaree Renewab.,534618,WAAREERTL,INE299N01021,Electrical Equipment,Other Electrical Equipment,811.55,16.60,8470.90,0.12,114.49,32.30,811.34,34.53,85.38,80.19,75.63,76.32,202606.00,48.93,10.97,100.98,113.62
Welspun Corp,532144,WELCORP,INE191B01025,Industrial Products,Iron & Steel Products,2444.20,27.94,64475.76,0.19,1047.88,198.64,4081.12,14.91,22.89,20.21,41.66,32.09,202606.00,87.55,39.67,117.98,19.78
Xtranet Techno.,544838,XTRANET,INE0NG701011,IT - Services,IT Enabled Services,278.10,33.96,1454.10,0.00,6.04,74.43,50.46,10.51,32.81,32.31,35.33,32.78,202603.00,10.28,1.55,6.16,17.96
Yash Highvoltage,544310,,INE00GK01023,Electrical Equipment,Other Electrical Equipment,944.00,72.46,2821.39,0.14,23.72,68.89,135.57,46.53,28.58,57.22,82.22,74.28,202603.00,13.08,8.31,-28.38,37.55
Yatharth Hospit.,543950,YATHARTH,INE0JO301016,Healthcare Services,Hospital,983.00,52.29,9471.59,0.05,45.42,11.94,392.65,52.33,12.37,44.00,27.41,34.31,202606.00,18.80,4.88,21.94,36.21
Zen Technologies,533339,ZENTEC,INE251B01027,Aerospace & Defense,Aerospace & Defense,1651.35,82.10,14910.09,0.06,31.85,-23.20,141.64,-10.48,16.18,-23.50,-27.66,-32.85,202606.00,19.95,3.82,59.76,46.47
Zydus Lifesci.,532321,ZYDUSLIFE,INE010B01027,Pharmaceuticals & Biotechnology,Pharmaceuticals,1105.00,22.64,110224.12,0.09,990.20,-35.09,8017.00,21.96,21.14,21.11,4.55,17.74,202606.00,44.93,9.42,32.23,16.35
