Name,BSE Code,NSE Code,ISIN Code,Industry Group,Industry,Current Price,Price to Earning,Market Capitalization,Dividend yield,Net Profit latest quarter,YOY Quarterly profit growth,Sales latest quarter,YOY Quarterly sales growth,Return on capital employed,Sales growth,Profit growth,Operating profit growth,TTM Result Date,EPS,EPS latest quarter,EPS growth 3Years,Sales growth 3Years,Profit growth 3Years
63 Moons Tech.,526881,63MOONS,INE111B01023,IT - Software,Computers - Software & Consulting,876.80,,4040.15,0.22,-47.56,-203.60,137.16,350.44,-3.70,384.84,-76.91,-25.59,202606.00,-14.15,-8.61,-23.40,-9.98,-23.40
7NR Retail Ltd,540615,,INE413X01035,Retailing,Speciality Retail,6.90,59.01,81.42,0.00,1.13,1127.27,2.85,-42.42,0.62,-52.88,91.67,-22.12,202606.00,0.49,0.40,-16.45,-35.76,-16.45
Abhinav Capital,532057,,INE516F01016,Finance,Non Banking Financial Company (NBFC),107.95,26.98,74.75,0.00,0.66,37.50,1.09,11.22,4.21,-6.18,74.21,-6.85,202606.00,4.00,0.95,-35.56,-31.18,-35.56
Accuracy Shippi.,544598,ACCURACY,INE648Z01023,Transport Services,Logistics Solution Provider,4.36,17.18,65.64,0.00,0.34,17.07,140.81,-12.91,6.98,-28.26,47.49,17.26,202606.00,0.25,0.03,-20.70,-8.56,-20.70
Acme Resources,539391,,INE636B01011,Finance,Non Banking Financial Company (NBFC),28.74,63.77,73.99,0.00,0.92,-22.69,1.95,-1.52,1.70,-19.34,-69.71,-110.37,202606.00,0.45,0.36,-51.46,-32.02,-51.46
Add-Shop E-Reta.,541865,,INE01B501018,Retailing,E-Retail/ E-Commerce,5.69,14.38,16.12,0.00,0.27,28.57,45.64,55.19,1.98,18.53,-52.74,-31.85,202606.00,0.40,0.10,-61.10,-7.74,-61.10
Adeshwar Meditex,543309,,INE0H8J01015,Healthcare Services,"Healthcare Research, Analytics & Technology",16.35,18.73,23.60,0.00,0.53,-60.45,26.05,-30.44,5.21,-32.98,-36.36,-37.33,202603.00,0.87,0.37,-15.25,-12.01,-15.25
Advance Meter.,534612,,INE436N01029,Power,Power Generation,17.56,,28.19,0.00,2.36,-2.07,4.21,-12.29,-8.22,-16.01,-12.69,-15.53,202606.00,-6.30,1.47,-22.92,-9.66,-22.92
Advance Multi.,526331,,INE875S01019,Industrial Products,Plastic Products - Industrial,59.49,3.94,24.25,0.00,4.28,1119.05,0.00,-100.00,12.40,-91.58,3142.11,-768.75,202606.00,15.11,10.50,-41.81,-53.57,-41.81
AG Ventures,506579,,INE321D01016,Chemicals & Petrochemicals,Commodity Chemicals,130.70,5.78,130.57,0.00,21.21,554.26,49.05,134.69,2.31,22.51,271.15,117.05,202606.00,22.64,20.74,-53.43,-41.44,-53.43
Agarwal Indl.,531921,AGARIND,INE204E01012,Chemicals & Petrochemicals,Petrochemicals,419.00,15.36,626.72,0.77,10.35,-20.57,433.31,-27.00,7.73,-34.70,-54.42,-37.69,202606.00,27.34,6.92,-23.41,-6.40,-23.41
Ahlada Engineers,,AHLADA,INE00PV01013,Consumer Durables,"Furniture, Home Furnishing",35.00,,45.21,4.57,0.17,-70.69,24.03,-12.07,2.69,-47.40,-107.29,-56.83,202606.00,-0.27,0.13,-67.18,-13.93,-67.18
Aik Pipes & Poly,544072,,INE0QFT01015,Industrial Products,Plastic Products - Industrial,29.97,211.90,19.07,0.00,0.83,1085.71,7.56,-18.09,2.94,-62.35,-92.97,-61.89,202603.00,0.14,1.30,-78.56,-32.32,-63.36
AKG Exim,,AKG,INE00Y801016,Commercial Services & Supplies,Trading & Distributors,10.40,89.29,33.05,0.00,0.09,12.50,20.72,-27.45,1.99,-35.36,-43.94,-60.00,202606.00,0.12,0.03,-48.07,-26.71,-48.07
Alfavision Overs,531156,,INE883B01027,Agricultural Food & other Products,Other Agricultural Products,13.39,422.11,42.22,0.00,0.04,-55.56,0.58,-56.39,0.08,-45.13,-28.57,-18.75,202606.00,0.03,0.01,-40.95,-59.88,-40.95
Allcargo Logist.,532749,ALLCARGO,INE418H01029,Transport Services,Logistics Solution Provider,11.80,38.39,1767.42,9.29,14.00,227.27,546.00,11.20,4.83,5.33,43.75,23.90,202606.00,0.33,0.09,-82.39,-51.51,-79.73
Amin Tannery,541771,,INE572Z01017,Consumer Durables,Leather And Leather Products,2.00,89.96,21.59,0.00,0.09,28.57,11.99,10.10,5.28,-15.94,-20.00,-29.90,202606.00,0.02,0.01,-15.14,-12.88,-15.14
Anjani Finance,531878,,INE283D01018,Finance,Non Banking Financial Company (NBFC),8.40,53.24,8.52,0.00,-0.01,0.00,0.11,-15.38,1.45,-14.04,-58.97,-31.03,202606.00,0.16,-0.01,-54.33,-28.12,-54.33
Antariksh Indus.,501270,,INE825M01017,Realty,"Residential, Commercial Projects",17.31,,0.35,2.89,-0.13,,0.00,-100.00,5.49,-95.46,-117.07,-108.93,202606.00,-3.45,-6.34,-32.45,-24.24,-31.90
Apollo Finvest,512437,,INE412D01013,Finance,Non Banking Financial Company (NBFC),538.90,25.17,201.14,0.00,3.35,45.02,8.47,62.57,11.57,-14.67,11.44,28.00,202606.00,21.41,8.97,-24.38,-22.45,-24.37
Apoorva Leasing,539545,APOORVA,INE217S01014,Finance,Other Financial Services,27.00,179.78,53.93,0.00,0.00,-100.00,0.12,-40.00,0.23,71.62,100.00,112.50,202606.00,0.15,0.00,-46.24,-35.67,-46.24
Archean Chemical,543657,ACI,INE128X01021,Chemicals & Petrochemicals,Specialty Chemicals,454.00,57.88,5605.01,0.53,30.36,-23.66,327.20,11.92,7.41,-0.43,-49.20,-29.00,202606.00,7.84,2.49,-35.34,-9.14,-35.27
Arihant's Secur.,531017,,INE190D01015,Commercial Services & Supplies,Diversified Commercial Services,20.37,46.33,10.19,0.00,0.09,-10.00,0.29,-3.33,0.83,-5.26,57.14,-20.00,202606.00,0.44,0.18,-25.67,-14.97,-25.67
Arvee Laborat.,,ARVEE,INE006Z01016,Chemicals & Petrochemicals,Specialty Chemicals,170.57,46.42,187.98,0.00,1.69,894.12,17.23,130.35,7.53,16.65,195.62,122.50,202606.00,3.68,1.53,-16.65,-19.92,-16.65
Ashnisha Indus.,541702,,INE694W01024,Commercial Services & Supplies,Trading & Distributors,2.35,366.52,62.33,0.00,0.04,-66.67,1.33,280.00,0.25,191.82,-29.17,57.49,202606.00,0.01,0.00,-35.18,-13.19,-34.75
Ashnoor Textile,507872,,INE372I01018,Textiles & Apparels,Other Textile Products,49.00,5.69,78.06,0.00,9.91,113.58,34.18,-14.21,7.24,-35.98,-13.86,-39.46,202606.00,8.62,6.22,-16.42,-13.73,-16.36
Asian Star Co.,531847,ASTAR,INE194D01017,Consumer Durables,"Gems, Jewellery And Watches",561.10,27.11,898.15,0.28,12.06,-37.69,638.31,-10.92,3.56,-3.75,-27.90,-26.34,202606.00,20.70,7.53,-22.55,-13.66,-22.55
Aspire & Innovat,,ASPIRE,INE0S7801010,Consumer Durables,Household Appliances,13.10,7.83,19.88,0.00,1.66,-4.05,116.24,73.83,7.11,5.56,-33.16,-40.42,202603.00,1.69,1.09,-67.18,-20.12,-21.55
Associated Cera.,531168,,INE771E01010,Other Construction Materials,Other Construction Materials,167.60,19.58,34.26,0.00,0.41,-45.21,9.06,-29.27,9.83,-11.22,1.16,-0.41,202606.00,8.61,2.01,-23.08,-7.33,-23.08
Auto Pins (I),531994,,INE706C01028,Auto Components,Auto Components & Equipments,155.50,286.27,88.74,0.00,0.06,200.00,10.74,9.59,6.77,-12.19,6.90,-8.03,202606.00,0.54,0.11,-31.77,-6.29,-31.77
Axita Cotton,542285,AXITA,INE02EZ01022,Textiles & Apparels,Other Textile Products,8.01,78.79,306.52,0.63,3.59,122.98,58.28,-62.81,6.32,-58.44,370.14,164.14,202606.00,0.10,0.09,-51.79,-12.24,-51.87
Balaji Amines,530999,BALAMINES,INE050E01027,Chemicals & Petrochemicals,Specialty Chemicals,2127.90,33.73,6894.58,0.49,78.12,97.21,455.93,27.23,11.02,11.08,34.10,47.96,202606.00,63.00,23.13,-19.82,-15.42,-19.82
Balaxi Pharma,,BALAXI,INE618N01022,Pharmaceuticals & Biotechnology,Pharmaceuticals,23.45,53.30,129.45,0.00,1.30,348.28,80.68,14.05,3.11,-5.90,-87.13,-71.14,202606.00,0.44,0.24,-69.46,-7.05,-68.62
Benara Bearings,541178,,INE495Z01011,Industrial Manufacturing,Industrial Products,9.93,,17.58,0.00,-9.81,-74.56,1.42,-75.89,-36.70,-68.32,41.02,1.40,202603.00,-9.10,-5.54,-63.04,-43.97,-63.04
Beryl Drugs,524606,,INE415H01017,Pharmaceuticals & Biotechnology,Pharmaceuticals,23.24,19.01,11.77,0.00,0.22,1000.00,7.57,56.73,7.18,4.55,169.57,14.55,202606.00,1.22,0.43,-18.29,-10.39,-18.29
Best Agrolife,539660,BESTAGRO,INE052T01021,Fertilizers & Agrochemicals,Pesticides & Agrochemicals,18.54,22.22,657.60,0.53,40.65,104.07,396.20,3.92,5.15,-24.14,-56.81,-31.06,202606.00,0.83,1.15,-64.65,-10.38,-64.66
Bhanderi Infra.,538576,,INE336Q01016,Realty,"Residential, Commercial Projects",125.00,162.30,32.46,0.00,0.03,-105.62,2.88,-41.10,0.92,-25.19,-84.50,-38.39,202603.00,0.77,-0.19,-29.88,-14.54,-29.88
Bharat Immunolog,524663,,INE994B01014,Pharmaceuticals & Biotechnology,Pharmaceuticals,14.91,,64.37,0.00,-4.92,-59.74,0.00,-100.00,-9.27,-89.99,-42.40,-77.66,202309.00,-4.18,-1.14,-30.96,-12.61,-30.96
Bindal Exports L,540148,,INE564V01013,Consumer Durables,"Gems, Jewellery And Watches",27.80,45.68,12.79,0.00,0.04,-42.86,9.73,-23.02,3.85,-16.81,47.37,-36.25,202603.00,0.61,0.09,-12.64,-17.94,-12.64
Bombay Talkies,511246,,INE910D01024,Entertainment,"Film Production, Distribution & Exhibition",3.10,,16.74,0.00,-0.06,14.29,0.07,-12.50,-3.68,-26.32,-6.67,-7.14,202606.00,-0.03,-0.01,-51.93,-47.16,-51.93
Capital India,530879,CIFL,INE345H01024,Finance,Non Banking Financial Company (NBFC),19.88,,777.40,0.10,-9.63,-12.35,127.74,4.16,1.17,-1.50,-1938.07,-56.85,202606.00,0.99,-0.08,-13.19,-7.17,-13.55
Chembond Materi.,530871,CHEMBOND,INE995D01025,Chemicals & Petrochemicals,Specialty Chemicals,196.05,17.46,263.65,1.03,5.73,43.61,72.42,25.55,10.76,24.49,-3.14,29.07,202606.00,10.92,4.28,-15.67,-17.17,-15.67
Chemcon Special.,543233,CHEMCON,INE03YM01018,Chemicals & Petrochemicals,Specialty Chemicals,205.25,26.69,751.86,3.15,10.96,71.52,66.49,24.23,6.35,17.43,10.56,13.37,202606.00,7.69,2.99,-24.92,-7.47,-24.92
Chemcrux Enterp.,540395,CHEMCRUX,INE298W01016,Chemicals & Petrochemicals,Specialty Chemicals,80.00,28.55,118.48,1.25,0.51,466.67,21.94,32.97,6.43,24.03,49.82,38.79,202606.00,2.80,0.34,-45.48,-5.36,-45.48
Cindrella Fin.,531283,,INE897D01015,Finance,Non Banking Financial Company (NBFC),9.98,34.58,4.15,0.00,0.03,200.00,0.01,133.33,0.46,21.05,33.33,75.00,202606.00,0.29,0.07,-62.93,-43.00,-62.93
Cochin Minerals,513353,,INE105D01013,Chemicals & Petrochemicals,Specialty Chemicals,303.95,9.68,237.97,2.63,12.38,278.59,131.26,75.53,14.19,13.18,17.59,24.69,202606.00,27.61,15.81,-34.58,-12.74,-34.58
Cons. Finvest,,CONSOFINVT,INE025A01027,Finance,Non Banking Financial Company (NBFC),300.20,17.84,971.59,0.37,13.00,2.69,15.38,3.71,5.65,-7.20,-44.44,-2.26,202606.00,16.82,4.02,-44.29,-46.94,-44.29
COSYN,538922,,INE029B01019,IT - Software,Software Products,23.49,146.83,17.62,0.00,0.04,0.00,1.06,49.30,2.27,-7.11,-25.00,261.11,202606.00,0.16,0.05,-23.94,-9.83,-23.94
Country Condo,531624,COUNCODOS,INE695B01025,Realty,"Residential, Commercial Projects",6.39,79.98,49.58,0.00,0.16,14.29,4.10,15.82,3.42,12.40,14.81,14.44,202606.00,0.08,0.02,-10.02,-6.08,-10.02
Crest Ventures,511413,CREST,INE559D01011,Finance,Non Banking Financial Company (NBFC),343.55,29.62,977.40,0.29,11.46,-54.98,30.24,-52.08,5.67,-33.55,-48.81,-41.92,202606.00,11.60,3.99,-50.90,-37.46,-50.90
Croissance Ltd,531909,,INE587J01027,Realty,"Residential, Commercial Projects",1.15,196.96,7.88,0.00,0.00,-100.00,0.03,,0.84,510.00,,-133.33,202606.00,0.00,0.00,-53.27,-38.32,-53.27
D P Wires,543962,DPWIRES,INE864X01013,Industrial Products,Iron & Steel Products,147.00,12.20,227.85,0.00,4.74,31.67,130.82,3.71,9.15,-13.87,0.54,-12.22,202606.00,12.08,3.06,-24.60,-26.61,-24.60
DAPS Advertising,543651,,INE975Z01012,Media,Advertising & Media Agencies,24.49,9.39,12.67,1.02,0.91,16.67,12.33,11.58,10.35,16.32,13.45,21.90,202603.00,2.61,1.76,-20.63,-9.41,-20.63
Davangere Sugar,543267,DAVANGERE,INE179G01029,Diversified FMCG,Diversified FMCG,2.26,47.09,383.27,0.00,0.94,-27.69,34.72,44.25,5.52,28.91,-27.96,-10.22,202606.00,0.06,0.01,-13.81,-5.16,-13.81
DCM Shriram Inds,523369,DCMSRIND,INE843D01027,Agricultural Food & other Products,Sugar,38.50,10.30,334.91,1.03,1.55,-85.50,293.63,0.07,11.03,-12.98,-46.32,-39.51,202606.00,3.73,0.18,-11.49,-20.98,-11.49
DCW,500117,DCW,INE500A01029,Chemicals & Petrochemicals,Petrochemicals,44.80,18.55,1322.28,0.63,34.55,203.34,541.91,13.97,9.89,11.82,104.88,0.86,202606.00,2.42,1.17,-32.13,-6.63,-32.13
Deep Polymers,541778,DEEP,INE00IY01012,Chemicals & Petrochemicals,Specialty Chemicals,44.30,15.03,107.13,0.00,1.91,32.64,30.08,18.43,8.75,7.83,40.08,15.08,202606.00,2.95,0.79,-11.94,-6.42,-10.50
Delta Corp,532848,DELTACORP,INE124G01033,Leisure Services,Amusement Parks/ Other Recreation,53.60,9.30,1435.23,0.92,-212.57,219.62,168.55,-8.48,5.08,-9.24,3.33,-26.17,202606.00,-5.85,-7.94,-30.96,-10.63,-30.94
Dhampur Sugar,500119,DHAMPURSUG,INE041A01016,Agricultural Food & other Products,Sugar,156.60,14.38,1007.01,1.27,6.09,609.41,552.62,5.98,6.43,1.27,36.47,10.12,202606.00,10.93,0.94,-25.48,-7.17,-26.27
Dhanlaxmi Cotex,512485,,INE977F01010,Commercial Services & Supplies,Trading & Distributors,142.15,301.09,69.25,0.00,-0.52,30.67,5.84,269.62,0.11,46.17,-94.04,-151.11,202606.00,0.47,-1.07,-31.60,-19.35,-31.60
DHP India,531306,,INE590D01016,Oil,Oil Equipment & Services,508.05,13.61,152.43,0.80,4.70,3.07,22.61,9.76,6.02,13.77,-84.12,49.83,202606.00,37.30,15.67,-26.01,-12.75,-26.01
Divyashakti,526315,,INE410G01010,Other Construction Materials,Other Construction Materials,67.55,216.77,69.38,1.49,0.21,-77.89,7.96,-46.25,0.76,-58.95,-90.09,-152.19,202606.00,0.31,0.20,-48.82,-22.79,-48.82
Dreamfolks Servi,543591,DREAMFOLKS,INE0JS101016,Transport Infrastructure,Airport & Airport services,67.27,,358.32,0.00,-13.84,-164.24,39.01,-88.82,5.77,-73.44,-133.64,-148.23,202606.00,-4.39,-2.57,-45.97,-5.12,-45.62
Droneacharya Aer,543713,,INE0MQD01015,Commercial Services & Supplies,Diversified Commercial Services,31.15,196.63,74.72,0.00,-1.56,89.66,5.09,-33.20,1.03,-57.50,102.81,123.04,202603.00,0.16,-0.65,-51.88,-7.56,-51.88
Dwarikesh Sugar,532610,DWARKESH,INE366A01041,Agricultural Food & other Products,Sugar,41.94,53.64,777.20,0.22,-25.73,-174.31,358.13,-11.68,4.62,-4.81,-38.77,-50.26,202606.00,0.78,-1.39,-33.21,-12.64,-33.57
Electro Force,,EFORCE,INE0Q1W01012,Electrical Equipment,Other Electrical Equipment,20.10,74.66,47.03,0.00,-0.23,-119.49,9.65,-73.78,1.31,-63.33,-50.78,-151.28,202603.00,0.27,-0.10,-60.70,-14.05,-56.62
Electrost.Cast.,500128,ELECTCAST,INE086A01029,Industrial Products,Iron & Steel Products,75.29,29.23,4654.34,1.15,48.37,-45.74,1425.57,-8.48,5.00,-15.73,-72.22,-66.13,202606.00,1.95,0.78,-18.76,-6.65,-17.70
ERP Soft Systems,530909,,INE308B01017,Commercial Services & Supplies,Diversified Commercial Services,72.00,178.19,28.51,0.00,0.03,-40.00,1.68,-46.33,1.21,-18.74,-33.33,-30.56,202606.00,0.40,0.08,-16.57,-25.66,-16.57
Essar Shipping,533704,ESSARSHPNG,INE122M01019,Transport Services,Shipping,16.00,,331.18,0.00,230.41,-200.91,0.04,-97.63,,-98.62,-149.00,71.37,202606.00,4.40,11.13,-19.85,-69.16,-19.85
Euro Leder Fash,526468,,INE940E01011,Consumer Durables,"Gems, Jewellery And Watches",21.00,,9.40,0.00,0.01,-80.00,6.91,28.20,7.16,40.17,-113.64,700.00,202606.00,-0.07,0.02,-62.19,-11.25,-62.19
Eurotex Industri,521014,EUROTEXIND,INE022C01012,Textiles & Apparels,Other Textile Products,12.60,,11.02,0.00,-1.31,-50.57,0.02,-50.00,-39.76,-84.21,17.45,1.71,202606.00,-1.41,-1.50,-17.08,-73.21,-17.08
Fairchem Organic,543252,FAIRCHEMOR,INE0DNW01011,Chemicals & Petrochemicals,Specialty Chemicals,607.50,50.63,765.20,0.16,10.01,755.56,176.15,34.40,3.33,0.14,62.65,30.56,202606.00,11.39,7.95,-47.25,-10.82,-47.83
Filatex Fash.,532022,FILATFASH,INE185E01021,Textiles & Apparels,Garments & Apparels,0.19,51.25,158.34,0.00,0.31,-78.32,20.00,-56.73,0.17,-56.57,-66.04,-60.62,202606.00,0.00,0.00,-76.03,-11.06,-38.10
Fine Organic,541557,FINEORG,INE686Y01026,Chemicals & Petrochemicals,Specialty Chemicals,5140.00,35.97,15759.24,0.21,138.14,23.45,694.17,17.98,21.47,7.09,7.08,7.18,202606.00,142.89,45.06,-12.90,-7.85,-12.90
G K P Printing,542666,,INE05QJ01015,Industrial Products,Packaging,7.39,67.72,16.25,0.00,-0.20,-350.00,7.02,13.04,4.40,-5.78,-68.42,-23.64,202606.00,0.11,-0.09,-19.29,-21.39,-19.29
G M D C,532181,GMDCLTD,INE131A01031,Minerals & Mining,Industrial Minerals,557.00,31.04,17712.60,1.68,163.43,-0.21,906.64,23.76,10.78,2.25,-14.30,-21.88,202606.00,30.07,5.14,-38.14,-10.32,-38.14
G N F C,500670,GNFC,INE113A01013,Chemicals & Petrochemicals,Commodity Chemicals,545.05,7.73,8009.02,3.85,312.00,275.90,2238.00,39.79,12.03,12.55,84.52,151.72,202606.00,70.57,21.23,-16.55,-8.74,-18.09
Galactico Corpo.,542802,,INE906Y01028,Diversified,Diversified,2.11,17.66,38.68,0.00,1.10,100.00,8.05,25.19,6.24,8.76,-1.79,-5.08,202606.00,0.12,0.06,-48.03,-10.43,-48.03
Galaxy Bearings,526073,,INE020S01012,Industrial Products,Abrasives & Bearings,942.95,80.83,299.84,0.00,2.99,15.44,15.95,-5.57,5.24,-32.31,-71.44,-64.81,202606.00,11.67,9.40,-40.79,-17.14,-40.79
Gautam Exim,540613,,INE721X01023,Commercial Services & Supplies,Trading & Distributors,23.85,267.23,58.79,0.00,0.02,-50.00,17.86,-15.28,5.56,-18.41,69.23,2000.00,202603.00,0.09,0.01,-15.91,-53.12,-15.91
Genomic Valley,539206,,INE574D01010,Pharmaceuticals & Biotechnology,Biotechnology,31.00,946.73,9.46,0.00,0.01,-50.00,0.04,-55.56,1.02,-71.79,-96.00,-90.91,202606.00,0.03,0.03,-67.94,-53.70,-67.94
GHCL,500171,GHCL,INE539A01019,Chemicals & Petrochemicals,Commodity Chemicals,423.55,8.56,3902.16,2.83,115.64,-23.05,790.51,1.16,17.41,-3.75,-24.00,-21.41,202603.00,51.39,12.58,-24.14,-12.35,-25.12
Gini Silk Mills,531744,,INE548B01018,Commercial Services & Supplies,Trading & Distributors,60.77,15.31,33.99,0.00,0.77,450.00,9.05,-0.98,2.68,-3.64,57.45,-44.59,202606.00,3.97,1.38,-23.90,-5.44,-23.90
Gokak Textiles,532957,,INE642I01014,Textiles & Apparels,Other Textile Products,64.35,,41.82,0.00,-4.40,54.55,25.39,52.31,-2.37,0.24,8.16,63.25,202606.00,-45.08,-6.48,-10.31,-11.48,-10.31
Goodyear India,500168,GOODYEAR,INE533A01012,Auto Components,Tyres & Rubber Products,719.70,27.02,1660.37,3.67,6.51,-97.24,774.35,18.00,17.40,0.82,39.00,21.88,202606.00,23.37,2.82,-14.71,-5.43,-14.71
GSS Infotech,532951,GSS,INE871H01011,IT - Services,IT Enabled Services,10.01,7.82,26.18,0.00,0.15,109.93,23.50,-2.45,0.72,-26.73,212.42,7842.86,202606.00,-18.55,0.06,-63.36,-8.33,-57.65
Guj Apollo Inds,522217,GUJAPOLLO,INE826C01016,Industrial Manufacturing,Industrial Products,344.00,79.52,446.18,0.57,0.81,-29.57,9.98,-9.93,1.82,17.67,1244.90,15.10,202606.00,4.50,0.62,-21.52,-9.65,-19.01
Guru Krupa Gems,540545,,INE986W01016,Consumer Durables,"Gems, Jewellery And Watches",36.34,105.11,54.64,0.00,0.05,-50.00,3.03,-67.73,3.39,-79.81,-26.76,-35.40,202606.00,0.35,0.03,-11.49,-36.00,-11.42
Hampton Sky,526407,HAMPTON,INE299D01022,Realty,"Residential, Commercial Projects",8.02,,219.92,0.00,-2.11,-122.33,-0.66,-107.95,6.07,-89.25,-174.23,-137.81,202512.00,-0.63,-0.08,-50.85,-31.57,-48.92
Hemisphere Prop,543242,HEMIPROP,INE0AJG01018,Commercial Services & Supplies,Diversified Commercial Services,116.60,,3323.10,0.00,-3.20,-21.21,0.15,-37.50,-1.14,-4.21,-46.15,10.98,202606.00,-0.41,-0.11,-35.70,-20.90,-35.70
Hercules Investments,505720,,INE688E01024,Industrial Manufacturing,Industrial Products,118.95,48.48,380.64,2.11,0.12,1300.00,0.42,147.06,1.05,1012.12,46.18,1053.57,202606.00,2.45,0.04,-33.06,-61.01,-33.06
Hikal,524735,HIKAL,INE475B01022,Pharmaceuticals & Biotechnology,Pharmaceuticals,213.50,62.09,2632.47,0.27,-7.40,27.23,402.80,5.89,3.50,-5.37,-33.02,-21.39,202606.00,-2.74,-0.60,-29.59,-5.40,-29.59
Himalaya Food,526899,,INE552B01010,Agricultural Food & other Products,Other Agricultural Products,8.00,31.55,67.84,0.00,1.04,-59.85,8.73,-15.32,1.96,-5.10,-57.76,-33.42,202606.00,0.25,0.12,-48.58,-16.68,-48.98
Hind.Oil Explor.,500186,HINDOILEXP,INE345A01011,Oil,Oil Exploration & Production,178.00,93.67,2354.00,0.00,6.24,-47.91,114.18,45.17,3.49,-17.80,-78.58,-42.43,202606.00,1.90,0.47,-48.00,-22.15,-48.00
Hindustan Agrig.,519574,,INE092301014,Agricultural Food & other Products,Other Agricultural Products,37.30,,16.42,0.00,0.30,-25.00,0.00,-100.00,1.24,-100.00,-175.00,-23.00,202606.00,,,,-17.02,-81.82
Hira Automobile,531743,,INE258Z01013,Commercial Services & Supplies,Trading & Distributors,193.00,,53.08,0.00,-1.38,-2860.00,4.78,-78.97,7.53,-32.56,-270.83,-35.86,202606.00,-4.47,-5.01,-30.66,-18.29,-30.66
I G Petrochems,500199,IGPL,INE204A01010,Chemicals & Petrochemicals,Commodity Chemicals,534.20,20.14,1645.05,0.93,66.44,611.47,617.80,31.43,3.11,-0.88,34.56,32.56,202606.00,26.51,21.58,-77.73,-6.46,-77.73
IEL,524614,,INE056E01024,Food Products,Other Food Products,5.39,47.16,70.29,0.00,0.57,177.03,0.50,,0.72,258.54,340.32,235.37,202606.00,0.11,0.04,-57.20,-54.34,-57.59
Inani Marbles,531129,,INE635D01027,Other Construction Materials,Other Construction Materials,10.25,127.09,19.07,0.39,0.14,-17.65,10.50,-29.72,2.49,-5.26,25.00,-3.91,202606.00,0.08,0.08,-76.60,-13.34,-76.60
Indian CardCloth,509692,INDIANCARD,INE061A01014,Textiles & Apparels,Other Textile Products,213.00,18.39,126.54,0.00,4.56,99.13,9.78,1.35,0.98,1.20,-62.77,-9.56,202606.00,10.07,7.68,-39.69,-14.01,-39.69
Indrayani Biotec,526445,,INE007C01021,Agricultural Food & other Products,Other Agricultural Products,11.00,39.72,85.84,0.00,0.98,111.49,37.76,-25.33,4.24,6.01,135.35,51.18,202603.00,0.28,0.13,-43.69,-5.35,-38.06
Inspire Films,,INSPIRE,INE0NDX01019,Entertainment,Media & Entertainment,9.25,34.03,12.59,0.00,2.10,256.72,3.22,-14.13,2.92,30.63,107.25,142.07,202603.00,0.27,1.54,-95.86,-40.76,-54.96
Jainam Ferro,,JAINAM,INE02KC01010,Ferrous Metals,Ferro & Silica Manganese,216.00,37.53,252.96,0.00,1.23,-47.21,97.40,-9.12,7.04,-7.13,-37.19,-40.82,202603.00,5.76,1.05,-36.05,-6.97,-33.81
Jalan Transol.,,JALAN,INE349X01015,Transport Services,Logistics Solution Provider,1.80,52.40,2.62,0.00,-0.03,100.34,1.35,419.23,,189.87,102.75,113.16,202603.00,0.01,-0.02,-41.52,-38.17,-41.52
Jet Knitwears,,JETKNIT,INE564T01017,Textiles & Apparels,Garments & Apparels,48.45,355.83,21.35,0.00,0.01,-98.59,10.87,-18.58,3.41,-13.90,-82.35,-26.98,202603.00,0.14,0.02,-62.95,-12.62,-62.95
JMD Ventures,511092,,INE047E01031,Entertainment,"Film Production, Distribution & Exhibition",6.88,36.76,19.86,0.00,0.24,71.43,0.08,-33.33,1.61,-54.79,-62.07,-58.64,202603.00,0.15,0.08,-43.96,-35.46,-43.96
JSW Holdings,532642,JSWHL,INE824G01012,Finance,Investment Company,10955.05,97.14,12160.13,0.00,21.47,9.15,34.58,15.00,0.53,-26.69,-29.06,-28.93,202606.00,111.17,19.34,-25.60,-23.87,-25.60
Jupiter Info.,534623,,INE524N01014,Retailing,Internet & Catalogue Retail,41.38,,41.46,0.00,0.02,-113.53,0.40,-75.46,1.50,-49.12,-171.43,-31.20,202606.00,-1.45,-0.18,-74.91,-23.85,-74.91
Kanchi Karpooram,538896,KANCHI,INE081G01019,Chemicals & Petrochemicals,Commodity Chemicals,381.60,21.92,165.77,0.27,4.59,109.59,41.16,14.75,3.91,0.95,-30.19,-22.78,202606.00,17.40,10.57,-28.42,-10.38,-28.42
Kay Power &Paper,530255,,INE961B01013,"Paper, Forest & Jute Products",Paper & Paper Products,9.86,32.19,34.47,0.00,0.13,700.00,5.89,-17.28,1.54,-38.11,-1.83,110.56,202606.00,0.32,0.04,-39.80,-16.99,-10.53
KCK Industries,,KCK,INE0J1E01027,Agricultural Food & other Products,Other Agricultural Products,14.20,215.04,90.31,0.00,0.40,-21.57,21.37,3.24,1.83,-15.73,61.54,-99.15,202603.00,0.07,0.06,-48.25,-31.80,-31.56
KEN Fin.Serv.,530547,,INE395E01018,Finance,Non Banking Financial Company (NBFC),14.01,8.95,4.20,0.00,0.19,26.67,1.27,135.19,6.36,74.75,104.35,-914.58,202606.00,1.57,0.63,-11.48,-49.64,-11.48
Khadim India,540775,KHADIM,INE834I01025,Consumer Durables,Footwear,123.00,50.12,226.06,0.00,0.52,-39.53,77.84,-18.66,6.87,-24.13,-70.01,-30.01,202606.00,1.52,0.28,-35.85,-17.77,-35.38
KKalpana Inds.,526409,,INE301C01028,Chemicals & Petrochemicals,Specialty Chemicals,6.68,83.80,62.84,0.00,0.02,-60.00,4.07,-56.79,2.03,-17.90,59.57,-30.49,202606.00,0.08,0.00,-25.36,-48.42,-25.36
Kuantum Papers,532937,KUANTUM,INE529I01021,"Paper, Forest & Jute Products",Paper & Paper Products,76.75,18.56,669.76,3.31,6.23,-48.34,303.75,36.26,5.24,11.89,-59.44,-23.59,202606.00,4.14,0.71,-38.18,-5.84,-38.18
La Opala RG,526947,LAOPALA,INE059D01020,Consumer Durables,Glass - Consumer,161.15,18.91,1788.77,3.11,26.20,3.35,71.36,9.33,14.23,-2.82,-3.81,11.14,202606.00,8.39,2.36,-11.63,-11.92,-11.63
Lak. Electrical,504258,,INE284C01018,Electrical Equipment,Other Electrical Equipment,783.00,166.06,192.62,0.40,0.52,-8.77,65.92,25.83,0.82,17.73,-63.86,-77.97,202606.00,4.64,2.12,-60.81,-13.00,-60.81
Lak. Prec. Screw,506079,LAKPRE,INE651C01018,Auto Components,Auto Components & Equipments,5.70,,6.23,0.00,-12.66,30.21,51.35,-16.37,0.28,-6.06,50.33,108.09,201712.00,-30.30,-11.57,-18.06,-9.65,-18.06
Lancer Containe.,539841,LANCER,INE359U01028,Transport Services,Logistics Solution Provider,12.54,30.14,466.23,0.00,5.24,213.42,131.88,23.15,1.95,-33.61,185.05,-70.14,202606.00,0.43,0.15,-61.64,-22.21,-52.38
Link Pharma Chem,524748,,INE302F01011,Chemicals & Petrochemicals,Commodity Chemicals,27.00,,11.99,0.00,0.32,-20.00,8.77,12.29,3.48,16.31,100.00,463.64,202606.00,0.00,0.72,-48.03,-10.89,-48.03
LMW,500252,LMW,INE269B01029,Industrial Manufacturing,Industrial Products,17150.00,100.29,18321.34,0.20,55.52,369.17,860.72,24.00,5.58,11.24,75.98,56.78,202606.00,163.62,51.97,-31.55,-12.08,-31.55
Madala Holdings,532344,,INE002B01016,Realty,Real Estate related services,189.75,164.78,280.14,0.00,3.43,-22.75,3.86,13.86,4.37,10.13,-83.81,0.12,202606.00,1.15,2.32,-19.33,-24.13,-22.67
Madras Fertilize,590134,MADRASFERT,INE414A01015,Fertilizers & Agrochemicals,Fertilizers,60.87,12.57,980.64,0.00,34.59,-21.49,814.01,21.12,14.82,-4.53,15.01,-19.22,202606.00,4.40,2.15,-22.28,-12.61,-22.28
Maithan Alloys,590078,MAITHANALL,INE683C01011,Ferrous Metals,Ferro & Silica Manganese,1009.30,10.11,2938.20,1.69,395.72,-26.69,539.53,-14.67,7.67,0.82,-59.07,29.10,202606.00,99.81,135.01,-65.45,-9.03,-65.45
Man Infra,533169,MANINFRA,INE949H01023,Realty,"Residential, Commercial Projects",125.00,23.25,5045.87,0.69,62.74,28.92,218.31,19.36,13.24,-29.86,-16.93,-32.16,202606.00,5.37,1.77,-12.96,-30.65,-10.50
Manaksia,532932,MANAKSIA,INE015D01022,Industrial Products,Iron & Steel Products,68.23,7.15,447.12,0.00,26.68,70.07,222.76,28.47,9.83,4.27,39.53,-4.62,202606.00,9.59,3.89,-14.54,-12.38,-14.54
Marathon Nextgen,503101,MARATHON,INE182D01020,Realty,"Residential, Commercial Projects",416.30,14.42,2807.71,0.23,52.43,-16.12,197.50,40.26,7.60,-1.06,-7.00,-8.32,202606.00,28.67,7.45,-23.66,-11.53,-13.49
Marinetrans Indi,,MARINETRAN,INE0P1P01017,Transport Services,Logistics Solution Provider,15.30,32.45,19.47,0.00,0.29,11.54,70.44,-10.79,5.31,-19.27,20.00,-13.04,202603.00,0.47,0.23,-36.23,-5.37,-27.12
Martin Burn,523566,,INE199D01016,Realty,"Residential, Commercial Projects",46.31,6.90,23.85,0.00,2.41,183.53,0.62,,2.47,158.33,-45.51,50.73,202606.00,6.71,4.68,-18.53,-58.99,-18.53
Meghmani Organi.,543331,MOL,INE0CT101020,Fertilizers & Agrochemicals,Pesticides & Agrochemicals,59.30,23.46,1508.08,0.00,48.19,280.05,542.83,-11.54,6.71,-7.73,240.98,1.81,202606.00,2.53,1.89,-49.30,-5.21,-49.30
Mehta Integrat.,511377,,INE240B01012,Finance,Non Banking Financial Company (NBFC),29.01,,14.51,0.00,-0.08,-214.29,0.07,-68.18,0.50,-50.00,-112.77,-800.00,202606.00,-0.12,-0.16,-44.97,-11.49,-44.97
Milton Industri.,,MILTON,INE376Y01016,Consumer Durables,Plywood Boards/ Laminates,38.00,35.88,64.58,0.00,1.12,55.56,24.40,11.31,5.98,5.07,50.00,66.17,202603.00,1.06,0.66,-14.40,-8.68,-14.40
Miven Mach. Tool,522036,,INE338P01014,Industrial Manufacturing,Industrial Products,68.00,,20.43,0.00,-0.16,5.88,0.03,,,,31.75,32.00,202606.00,-1.43,-0.53,-44.97,-44.97,-44.97
MKVentures Cap.,514238,,INE874A01010,Finance,Investment Company,1003.00,53.54,385.50,0.03,0.89,-79.25,6.21,2.99,13.23,-23.19,-16.47,-19.49,202606.00,18.73,2.32,-13.79,-13.25,-13.46
Morarka Finance,511549,,INE367A01015,Finance,Non Banking Financial Company (NBFC),64.90,17.47,29.19,2.31,0.38,171.43,0.58,100.00,1.58,26.13,29.46,38.46,202606.00,3.71,0.84,-32.65,-27.64,-32.65
N K Industries,519494,NKIND,INE542C01019,Agricultural Food & other Products,Edible Oil,56.00,,33.65,0.00,-0.65,5.80,2.27,-42.09,,-30.68,17.32,51.64,202606.00,-5.96,-1.08,-56.95,-11.21,-56.95
NACL Industries,524709,NACLIND,INE295D01020,Fertilizers & Agrochemicals,Pesticides & Agrochemicals,150.80,136.25,3532.42,0.00,20.84,59.82,383.33,-14.50,8.13,11.90,129.61,599.95,202606.00,0.53,0.89,-48.61,-9.19,-48.36
Nalwa Sons Invst,532256,NSIL,INE023A01030,Finance,Investment Company,5375.95,49.90,2763.24,0.00,26.69,3.37,34.38,-7.31,0.48,-19.76,27.78,31.82,202606.00,107.80,51.91,-15.67,-8.85,-15.67
Narendra Prop.,531416,,INE603F01012,Realty,"Residential, Commercial Projects",39.00,13.26,27.70,2.55,0.88,14.29,0.00,-100.00,6.93,-64.09,18.08,-10800.00,202606.00,2.94,1.24,-22.91,-17.15,-22.91
National Perox.,544205,,INE0PO601011,Chemicals & Petrochemicals,Commodity Chemicals,615.20,18.99,353.55,1.13,6.61,642.70,96.07,44.12,2.55,14.16,389.13,293.08,202606.00,31.43,11.50,,-8.41,-40.50
Natl. Plywood,516062,,INE497C01016,"Paper, Forest & Jute Products",Forest Products,2.57,,6.33,0.00,-0.55,-184.62,2.11,-79.37,,11.09,-180.85,-590.41,201912.00,-0.77,-0.22,,-8.97,-44.23
Natl.Fertilizer,523630,NFL,INE870D01012,Fertilizers & Agrochemicals,Fertilizers,67.23,9.08,3298.17,1.56,113.38,387.47,4500.39,27.34,9.10,23.27,137.75,68.20,202606.00,7.43,2.31,-23.18,-10.07,-23.18
Netlink Solns(I),509040,,INE040F01033,IT - Software,Software Products,192.55,67.62,48.71,0.00,0.43,-75.29,0.00,-100.00,6.09,-80.00,-86.64,41.58,202606.00,2.85,1.70,-24.30,-71.19,-24.30
Nilachal Carbo,544510,,INE346R01013,Ferrous Metals,Ferro & Silica Manganese,131.80,31.17,328.54,0.00,2.87,,95.62,,14.54,-0.55,-24.82,-16.94,202603.00,4.23,1.15,-13.96,-9.03,-10.74
NOCIL,500730,NOCIL,INE163A01018,Chemicals & Petrochemicals,Specialty Chemicals,185.45,44.56,3097.45,0.77,27.76,60.83,403.02,19.87,3.93,0.96,-25.26,-8.85,202606.00,3.96,1.66,-32.34,-6.94,-32.29
Objectone Inform,535657,,INE860E01011,IT - Software,Computers - Software & Consulting,7.49,7.81,7.88,0.00,0.10,112.20,2.96,7.64,2.99,-7.95,265.57,1238.46,202606.00,0.96,0.10,-62.00,-13.04,-62.00
Ola Electric,544225,OLAELEC,INE0LXG01040,Automobiles,2/3 Wheelers,37.93,,17555.55,0.00,-336.00,21.50,455.00,-45.05,-19.56,-49.16,26.13,48.05,202606.00,-3.91,-0.73,12.35,-5.04,-11.72
Ortel Commu.,539015,ORTEL,INE849L01019,Entertainment,TV Broadcasting & Software Production,1.79,,5.90,0.00,-9.31,-278.46,10.47,-42.41,-13.42,-27.55,-9.34,-18.72,202106.00,-8.74,-2.82,-8.34,-28.25,-12.54
Pacific Inds,523483,PACIFICI,INE883C01025,Consumer Durables,Granites & Marbles,144.95,36.19,99.91,0.00,1.69,81.72,63.92,28.72,1.09,-28.21,-59.71,-32.12,202606.00,4.00,2.45,-34.46,-6.17,-34.46
Panorama Studios,539469,PANORAMA,INE258R01028,Entertainment,"Film Production, Distribution & Exhibition",52.37,56.50,1364.40,0.11,12.71,165.95,183.07,34.26,8.70,-23.59,-44.35,-42.07,202606.00,0.93,0.52,-29.39,-6.00,-25.07
Paramount Cosmet,507970,,INE143I01013,Personal Products,Personal Care,36.13,76.26,17.54,0.00,0.12,300.00,3.36,-28.21,7.94,-6.00,560.00,-35.40,202606.00,0.47,0.25,-38.02,-7.15,-38.02
Pavna Industries,543915,PAVNAIND,INE07S101038,Auto Components,Auto Components & Equipments,15.50,28.58,216.27,0.00,0.88,352.63,91.88,52.12,5.49,13.36,42.03,5.85,202606.00,0.54,0.06,-16.09,-6.38,-12.20
PBM Polytex,514087,PBMPOLY,INE501F01018,Textiles & Apparels,Other Textile Products,59.70,22.31,41.07,0.00,1.95,232.65,38.85,-16.40,-1.35,-12.43,138.10,51.31,202606.00,2.67,2.83,-11.56,-6.27,-11.56
Pentokey Organy,524210,,INE702E01015,Chemicals & Petrochemicals,Commodity Chemicals,31.40,72.92,19.69,0.00,0.22,-54.17,0.00,-100.00,2.09,-83.36,-60.87,-231.25,202606.00,0.43,0.35,-60.23,-21.80,-60.23
PNC Infratech,539150,PNCINFRA,INE195J01029,Construction,Civil Construction,140.40,5.96,3601.83,0.41,331.93,103.45,1688.46,18.67,7.97,-6.48,50.37,-11.74,202606.00,28.55,12.94,-37.82,-12.29,-37.82
Precision Camshf,539636,PRECAM,INE484I01029,Auto Components,Auto Components & Equipments,112.45,33.91,1068.10,0.86,8.45,-69.13,187.89,-3.65,7.28,-4.88,-11.34,-14.12,202606.00,4.30,0.89,-18.67,-10.56,-18.67
Prerna Infra.,531802,,INE426H01014,Realty,"Residential, Commercial Projects",23.99,23.94,86.67,0.00,0.13,950.00,1.53,,2.80,42.88,2162.50,100.35,202606.00,1.00,0.09,-42.61,-19.50,-42.60
Primo Chemicals,506852,PRIMO,INE607A01022,Chemicals & Petrochemicals,Commodity Chemicals,22.93,35.59,555.70,0.00,4.68,14.71,140.28,-1.17,6.48,-2.70,-17.36,-6.68,202606.00,0.66,0.19,-51.69,-7.11,-51.69
Priti Internati.,,PRITI,INE974Z01015,Consumer Durables,"Furniture, Home Furnishing",33.99,59.71,45.39,0.00,0.12,-53.85,3.43,-51.96,1.83,-65.55,-78.47,-135.82,202606.00,0.57,0.09,-53.12,-32.27,-50.89
Prolife Indust.,,PROLIFE,INE994V01012,Chemicals & Petrochemicals,Dyes And Pigments,79.00,7.61,32.34,0.38,2.76,200.00,25.77,-10.49,12.17,-1.72,-9.19,-27.82,202603.00,10.38,6.74,-14.96,-11.37,-14.96
Pulz Electronics,,PULZ,INE335X01014,Consumer Durables,Consumer Electronics,23.95,11.26,52.23,0.00,2.86,32.41,19.53,19.45,18.29,-9.18,-25.76,-28.91,202603.00,2.13,1.31,-11.71,-9.01,-11.70
Quadpro ITeS,,QUADPRO,INE0GOJ01027,IT - Services,IT Enabled Services,3.00,94.81,15.17,0.00,-0.02,-108.33,3.29,-10.60,1.86,-17.96,-75.00,-50.37,202603.00,0.04,0.00,-41.02,-9.37,-41.02
Rain Industries,500339,RAIN,INE855B01025,Chemicals & Petrochemicals,Petrochemicals,196.85,12.33,6621.02,0.46,340.99,387.99,5167.16,17.40,8.26,17.02,228.66,77.37,202606.00,15.97,8.81,-69.07,-6.92,-69.07
Raj Television,532826,RAJTV,INE952H01027,Entertainment,TV Broadcasting & Software Production,8.62,,44.74,0.00,-1.01,-388.57,14.97,-9.66,2.63,-41.48,84.96,1015.38,202606.00,-0.11,-0.19,-10.17,-6.17,-10.17
Ram Info,530951,,INE357B01022,IT - Services,IT Enabled Services,43.38,17.49,35.50,0.00,0.41,360.00,26.20,125.67,4.69,130.65,109.28,146.11,202606.00,2.48,0.28,-37.85,-20.09,-33.59
Rama Steel Tubes,539309,RAMASTEEL,INE230R01035,Industrial Products,Iron & Steel Products,3.90,49.25,638.01,0.00,5.44,-3.95,223.34,-16.70,5.57,-1.84,-40.35,12.20,202606.00,0.08,0.03,-26.15,-5.61,-22.17
Ranjeet Mechatr.,541945,,INE01A501027,Construction,Civil Construction,6.75,81.82,27.00,0.00,-0.06,-103.82,14.26,85.44,5.45,170.06,-50.75,-26.48,202603.00,0.08,-0.02,-32.56,-8.25,-22.54
Rishiroop,526492,,INE582D01013,Industrial Products,Rubber,125.00,10.71,114.54,1.23,12.68,46.25,25.05,41.85,5.34,6.68,-3.95,64.26,202606.00,11.69,13.84,-17.64,-6.72,-17.64
Rossell India,533168,ROSSELLIND,INE847C01020,Agricultural Food & other Products,Tea & Coffee,56.66,17.98,213.60,0.72,3.81,-52.43,36.78,-15.60,9.37,12.27,-41.93,-22.17,202606.00,3.09,1.01,-16.27,-13.83,-16.27
RRIL,531307,RRIL,INE951M01037,Textiles & Apparels,Other Textile Products,16.25,21.93,196.97,0.00,1.76,21.38,29.49,22.98,9.79,5.50,20.54,8.22,202606.00,0.74,0.15,-14.27,-7.57,-14.27
Ruchira Papers,532785,RUCHIRA,INE803H01014,"Paper, Forest & Jute Products",Paper & Paper Products,106.55,9.53,318.00,2.36,6.14,-63.84,174.92,3.79,11.06,-1.26,-52.09,-36.68,202606.00,11.16,2.06,-13.25,-6.85,-13.25
Sahara Housing,511533,,INE135C01012,Finance,Housing Finance Company,39.00,91.01,27.31,0.00,0.17,-19.05,1.66,-5.14,2.87,-12.73,-51.61,-36.47,202606.00,0.43,0.24,-37.90,-13.81,-37.90
Sahara Maritime,544056,,INE0PSJ01011,Transport Services,Logistics Solution Provider,22.50,8.86,6.91,0.00,0.84,47.37,11.14,-36.16,8.46,-27.69,225.00,58.23,202603.00,2.54,2.74,-20.90,-11.24,-11.88
Sailani Tours N,543541,,INE0KHQ01010,Leisure Services,"Tour, Travel Related Services",10.56,19.87,4.97,0.00,0.10,0.00,11.81,11.52,5.25,19.16,38.89,-2.25,202603.00,0.53,0.21,-17.17,-5.49,-17.17
Sakuma Exports,532713,SAKUMA,INE190H01024,Commercial Services & Supplies,Trading & Distributors,1.55,22.74,243.00,0.00,2.82,70.91,333.32,-11.30,1.74,-13.44,-0.74,-33.37,202606.00,0.07,0.02,-27.87,-18.65,-27.87
Sam Industries,532005,,INE653D01012,Realty,"Residential, Commercial Projects",38.10,11.36,42.24,0.00,0.46,-71.60,3.71,63.44,4.19,9.31,15.53,19.44,202606.00,3.35,0.41,-58.98,-20.16,-58.98
Sanblue Corp.,521222,,INE602D01027,Textiles & Apparels,Trading - Textile Products,31.08,74.00,15.54,0.00,-0.05,28.57,1.54,340.00,0.41,115.84,-32.26,19.44,202606.00,0.42,-0.10,-34.94,-5.50,-34.94
Sanofi India,500674,SANOFI,INE058A01010,Pharmaceuticals & Biotechnology,Pharmaceuticals,3130.00,21.04,7208.43,2.41,83.50,20.14,437.70,7.73,57.51,-8.88,-3.86,-4.40,202606.00,140.78,36.30,-13.00,-12.79,-13.00
Sarthak Metals,540393,SMLT,INE017W01010,Industrial Products,Iron & Steel Products,62.00,17.38,84.89,0.81,1.33,25.47,55.21,19.45,5.76,9.36,29.10,9.85,202606.00,3.56,0.97,-46.52,-22.21,-46.52
Satia Industries,539201,SATIA,INE170E01023,"Paper, Forest & Jute Products",Paper & Paper Products,66.97,,669.70,0.57,-17.12,-154.18,361.81,-2.46,3.94,-2.75,-107.88,-49.39,202606.00,-0.78,-1.71,-40.28,-8.26,-40.28
Scarnose Inter.,543537,,INE0IXR01019,Textiles & Apparels,Other Textile Products,35.82,1128.00,11.28,0.00,-0.07,-146.67,2.06,-14.17,0.10,-16.42,-94.74,-155.56,202603.00,0.03,-0.22,-37.00,-37.39,-37.00
Semac Construct,505368,SEMAC,INE617A01013,Construction,Civil Construction,268.50,12.62,83.70,0.00,0.40,-51.43,30.42,-41.02,10.32,8.90,376.25,578.98,202606.00,21.27,1.64,-25.86,-9.28,-25.72
Seshachal Tech.,531794,,INE331F01028,IT - Software,Software Products,63.33,,4.40,0.00,0.06,-40.00,3.87,73.54,1.58,215.00,-127.27,-113.33,202606.00,-0.43,0.86,-59.89,-42.38,-59.89
Seshasayee Paper,502450,SESHAPAPER,INE630A01024,"Paper, Forest & Jute Products",Paper & Paper Products,243.65,15.52,1536.62,0.81,31.91,106.80,492.08,27.68,5.60,5.80,13.03,40.53,202606.00,15.70,5.06,-40.70,-6.35,-40.70
Sh. Ganesh Elas.,530797,,INE400N01017,Commercial Services & Supplies,Trading & Distributors,19.00,24.88,10.45,0.00,0.99,890.00,4.07,1407.41,-10.84,-23.91,116.80,119.26,202606.00,0.76,1.80,-18.29,-26.89,-18.29
Shankara Building,540425,SHANKARA,INE274V01019,Retailing,Speciality Retail,148.20,69.09,359.36,2.02,1.54,266.67,350.35,8.40,2.92,-62.77,-89.03,-76.83,202606.00,2.05,0.64,-58.83,-30.31,-58.00
Shanti Overseas,,SHANTI,INE933X01016,Agricultural Food & other Products,Edible Oil,6.10,,6.78,0.00,0.03,-82.35,0.00,-100.00,-14.31,-58.13,-230.34,-112.96,202606.00,-6.96,0.03,-19.25,-54.66,-19.25
Shree Ganesh Bio,539470,,INE051N01026,Pharmaceuticals & Biotechnology,Biotechnology,0.48,,19.13,0.00,-0.57,-272.73,1.43,3.62,1.31,-75.84,-182.98,-73.53,202606.00,-0.01,-0.01,-33.13,-56.99,-33.13
Shreenath Paper,544372,,INE0RXS01018,Commercial Services & Supplies,Trading & Distributors,11.05,7.60,21.72,0.00,2.08,8.90,59.28,18.94,8.97,11.78,-1.04,-101.76,202603.00,1.46,1.06,-70.83,-17.53,-13.24
Shreeshay Engi.,541112,,INE452Z01012,Construction,Civil Construction,24.83,1092.67,32.78,0.00,0.16,220.00,0.00,-100.00,0.87,23.26,-66.67,-500.00,202603.00,0.17,0.12,-46.87,-38.57,-46.87
Shreyans Inds.,516016,SHREYANIND,INE231C01019,"Paper, Forest & Jute Products",Paper & Paper Products,129.00,,178.29,1.17,-3.24,-118.76,160.13,4.23,2.44,-0.87,-126.05,-126.62,202606.00,-10.16,-2.34,-55.99,-10.39,-55.99
Shri Hare-Krish.,,SHKSIL,INE0NON01025,Ferrous Metals,Sponge Iron,34.00,10.52,65.25,0.00,1.55,-64.85,27.21,-35.63,7.76,-17.19,-32.61,-40.06,202603.00,3.23,0.81,-64.88,-10.91,-16.19
Simbhaoli Sugar,539742,SIMBHALS,INE748T01016,Agricultural Food & other Products,Sugar,6.93,,28.60,0.00,-1.74,-92.33,192.21,-42.04,-6.48,-16.16,-3958.17,-167.31,202603.00,-12.50,0.46,-30.54,-12.15,-30.54
Siyaram Recycli.,544047,,INE0QSK01017,Industrial Products,Other Industrial Products,34.03,19.56,74.15,0.00,0.71,-89.70,149.84,-43.65,7.34,-29.26,-74.04,-37.36,202603.00,1.74,0.33,-30.52,-9.76,-19.11
SKF India,500472,SKFINDIA,INE640A01023,Industrial Products,Abrasives & Bearings,1508.00,50.18,7455.23,2.66,61.84,32.31,587.79,27.09,13.33,17.89,-40.78,-28.70,202606.00,42.36,12.52,-17.39,-20.91,-17.39
Smart Finsec,539494,,INE766D01020,Finance,Non Banking Financial Company (NBFC),7.95,21.10,23.85,0.00,0.43,53.57,0.69,25.45,8.41,-8.26,-1.74,1.31,202606.00,0.38,0.14,-11.42,-59.99,-11.42
Solve Plastic,,BALCO,INE0U0201016,Industrial Products,Plastic Products - Industrial,19.95,19.80,8.71,0.00,0.02,100.70,23.76,11.13,7.89,9.94,109.19,152.15,202603.00,1.01,0.05,-35.70,-8.09,-27.40
South. Magnesium,513498,,INE308N01012,Minerals & Mining,Industrial Minerals,79.00,,23.70,0.00,-0.50,-400.00,0.32,45.45,3.65,-48.36,-120.45,-122.70,202606.00,-0.90,-1.67,-66.73,-26.81,-66.73
Spinaroo Comm.,544392,,INE10XX01012,"Paper, Forest & Jute Products",Paper & Paper Products,49.95,64.70,34.94,0.00,0.09,-89.02,19.90,8.74,6.27,-0.10,-62.50,-50.85,202603.00,0.77,0.13,-56.38,-9.58,-16.57
SPL Industries,532651,SPLIL,INE978G01016,Textiles & Apparels,Trading - Textile Products,29.52,10.35,85.61,0.00,2.13,134.07,19.40,16.59,1.78,-36.35,1.85,-2377.42,202606.00,2.85,0.73,-51.39,-37.49,-51.39
Sr.Rayala.Hypo,532842,SRHHYPOLTD,INE917H01012,Chemicals & Petrochemicals,Commodity Chemicals,509.00,8.86,873.71,0.59,24.73,7.18,210.95,17.03,13.99,7.42,2.05,-7.55,202606.00,53.23,14.28,-11.43,-26.06,-11.43
SRG Fingrow Fin,536710,,INE326P01019,Finance,Non Banking Financial Company (NBFC),33.55,85.86,18.03,0.00,0.06,-64.71,0.59,-9.23,1.90,-9.23,-40.00,-43.75,202603.00,0.39,0.11,-26.08,-13.29,-26.08
Star Paper Mills,516022,STARPAPER,INE733A01018,"Paper, Forest & Jute Products",Paper & Paper Products,163.55,8.25,255.31,1.53,11.01,-14.05,103.46,2.27,4.18,-2.69,-22.70,-54.98,202606.00,19.84,7.05,-29.98,-5.94,-29.98
Sterlite Tech.,532374,STLTECH,INE089C01029,Telecom -  Equipment & Accessories,Telecom -  Equipment & Accessories,854.95,186.04,43949.34,0.00,197.00,1870.00,1910.00,87.44,7.65,36.18,1489.53,72.71,202606.00,4.98,4.04,-46.59,-11.84,-42.86
Stovec Inds.,504959,,INE755D01015,Industrial Manufacturing,Industrial Products,1611.00,61.56,336.71,0.75,2.45,-17.23,52.77,-7.01,7.52,-12.53,-46.16,-41.21,202606.00,26.20,11.73,-27.92,-5.65,-27.92
Sunil Healthcare,537253,SUNLOC,INE671C01016,Pharmaceuticals & Biotechnology,Pharmaceuticals,76.00,21.12,77.94,0.00,0.46,-49.45,18.99,-16.12,6.52,-0.58,1950.00,9.81,202606.00,3.48,0.45,-14.65,-7.40,-14.65
Superior Finleas,539835,,INE574R01028,Finance,Non Banking Financial Company (NBFC),1.65,165.00,4.95,0.00,-0.04,0.00,0.09,12.50,0.12,-26.53,160.00,400.00,202606.00,0.01,-0.01,-46.69,-32.79,-46.69
Suraj,531638,SURAJLTD,INE713C01016,Industrial Products,Iron & Steel Products,196.00,40.22,359.94,0.77,3.24,109.03,39.03,-22.47,7.10,-15.18,-1.10,-26.64,202606.00,4.87,1.76,-31.19,-17.50,-31.19
Suryaamba Spinni,533101,,INE360J01011,Textiles & Apparels,Other Textile Products,120.00,18.32,35.18,0.83,-0.55,-190.16,49.27,-6.21,8.20,-6.07,20.75,-19.72,202606.00,6.41,-1.88,-27.41,-5.88,-27.41
Swadeshi Polytex,503816,,INE243N01029,Textiles & Apparels,Other Textile Products,36.83,33.40,143.64,0.00,0.92,8.24,0.00,,1.33,-97.50,86.96,22.35,202606.00,1.09,0.24,-93.41,-93.91,-93.41
Tai Industries,519483,,INE358D01018,Commercial Services & Supplies,Trading & Distributors,27.75,,16.65,0.00,-0.43,,35.44,39.64,1.53,-23.19,-135.05,-227.78,202606.00,-0.57,-0.72,-71.21,-14.91,-71.21
Teamo Production,533048,TPHQ,INE065J01024,Construction,Civil Construction,0.52,9.73,57.01,0.00,6.47,811.27,33.68,19.14,0.35,-43.77,108.54,262.65,202606.00,0.05,0.06,-69.90,-48.87,-67.38
Technopack Poly.,543656,,INE0MXP01015,Consumer Durables,Plastic Products - Consumer,11.05,9.86,11.93,0.00,0.81,-6.90,4.50,-44.03,7.81,-50.64,-29.65,-24.38,202603.00,1.12,0.75,-19.16,-9.53,-19.16
TGV Sraac,507753,TGVSL,INE284B01028,Chemicals & Petrochemicals,Commodity Chemicals,104.30,8.04,1116.95,0.95,45.42,17.20,543.08,10.62,12.96,7.60,18.18,27.94,202606.00,12.94,4.24,-28.87,-5.70,-28.87
Thakkers Develp.,526654,THAKDEV,INE403F01017,Realty,"Residential, Commercial Projects",128.15,8.43,115.34,0.00,10.05,583.67,18.38,104.45,4.55,20.75,64.94,58.86,202606.00,15.18,11.17,-31.86,-15.65,-31.86
Thinkink Picture,539310,,INE365S01045,Media,Advertising & Media Agencies,0.19,44.30,27.02,0.00,-0.21,-139.62,0.00,-100.00,1.16,-84.31,74.29,11.48,202606.00,0.00,0.00,-32.64,-53.88,-32.64
TransIndia Real,543955,TREL,INE0O3901029,Transport Services,Logistics Solution Provider,26.30,16.89,646.19,1.90,11.48,12.33,21.85,4.25,2.92,0.71,21.01,-1.67,202606.00,1.67,0.47,,-14.99,-17.25
Transpek Inds.,506687,TRANSPEK,INE687A01016,Chemicals & Petrochemicals,Commodity Chemicals,1296.50,18.56,724.17,1.54,8.93,-42.68,151.06,-2.06,8.37,-5.24,-29.13,-12.89,202606.00,69.82,15.99,-18.38,-9.09,-18.38
Tranway21 Tech.,542923,,INE0BIW01023,IT - Software,Computers - Software & Consulting,5.08,59.78,5.38,0.00,-0.66,-214.29,2.15,-16.99,1.41,-24.96,150.00,-381.82,202603.00,0.08,-0.62,-23.37,-18.69,-23.37
TRF,505854,TRF,INE391D01019,Industrial Manufacturing,Industrial Products,212.10,44.52,233.31,0.00,1.88,-46.44,26.03,11.14,9.42,-17.73,-78.45,-75.27,202606.00,-5.54,1.71,-62.27,-21.70,-62.27
Trigyn Techno.,517562,TRIGYN,INE948A01012,IT - Software,Computers - Software & Consulting,54.00,15.28,166.25,0.00,3.49,177.75,252.76,12.59,2.29,14.33,1352.00,35.84,202606.00,3.27,1.13,-60.67,-8.45,-60.67
Tuticorin Alkali,506808,TUTIALKA,INE400A01014,Chemicals & Petrochemicals,Commodity Chemicals,59.79,21.77,728.46,0.00,6.73,-31.88,80.71,5.99,22.18,9.25,-6.74,-20.11,202606.00,2.75,0.55,-28.73,-12.89,-28.73
TV Vision,540083,TVVISION,INE871L01013,Entertainment,TV Broadcasting & Software Production,2.67,,10.34,0.00,-3.64,29.87,0.24,-96.83,,-82.53,-32.14,-61.07,202606.00,-8.96,-0.99,-35.27,-41.66,-35.27
Tyche Industries,532384,,INE443B01012,Pharmaceuticals & Biotechnology,Pharmaceuticals,109.80,25.29,112.54,3.17,-0.04,-101.65,9.10,-28.35,6.83,-21.02,-64.74,-112.38,202606.00,4.34,-0.04,-21.34,-10.73,-21.34
Udayshivakumar,543861,USK,INE0N0Y01013,Construction,Civil Construction,20.52,9.58,113.61,0.00,2.46,131.82,46.25,-20.48,3.72,-31.68,170.60,415.02,202606.00,2.14,0.44,-52.71,-9.66,-52.71
Ugar Sugar Works,530363,UGARSUGAR,INE071E01023,Agricultural Food & other Products,Sugar,53.50,20.89,601.91,0.18,1.49,110.85,477.88,34.11,9.00,17.18,258.90,221.18,202606.00,2.56,0.13,-49.07,-6.13,-49.07
United Leasing,507808,,INE357P01014,Textiles & Apparels,Other Textile Products,32.50,,9.75,0.00,-0.14,,1.08,-24.48,4.18,-12.39,-200.00,3.49,202606.00,-0.37,-0.47,-40.63,-11.90,-40.63
Valiant Organics,540145,VALIANTORG,INE565V01010,Chemicals & Petrochemicals,Specialty Chemicals,388.00,21.53,1087.73,0.00,29.26,254.27,231.54,13.27,5.47,1.41,894.69,66.23,202606.00,19.30,10.36,-30.78,-11.11,-30.05
Veer Energy,503657,,INE255E01030,Power,Power Generation,13.37,50.02,20.02,0.00,0.51,64.52,1.75,169.23,0.39,-43.16,66.67,-9.62,202606.00,0.27,0.34,-51.29,-10.89,-51.29
Vinyl Chemicals,524129,VINYLINDIA,INE250B01029,Chemicals & Petrochemicals,Trading - Chemicals,219.35,21.56,402.21,3.18,6.62,48.76,99.64,-34.11,14.86,-3.22,-14.59,-44.73,202606.00,10.18,3.61,-28.24,-13.63,-28.24
VLS Finance,511333,VLSFINANCE,INE709A01018,Finance,Investment Company,233.00,15.68,731.13,0.63,95.99,34.91,123.59,25.38,0.96,-9.58,93.28,47.57,202606.00,14.23,30.59,-21.78,-22.36,-27.04
Waa Solar,541445,,INE799N01012,Power,Power Generation,51.51,105.13,68.34,0.00,-1.17,-114.19,18.96,36.80,3.28,-1.70,-90.67,49.66,202603.00,0.49,-0.88,-59.58,-17.10,-59.58
Welspun Investme,533252,WELINV,INE389K01018,Finance,Investment Company,2276.00,269.72,830.74,0.00,-0.15,25.00,0.13,225.00,0.58,2.32,-11.49,-12.63,202606.00,8.43,-0.41,-17.92,-12.07,-17.92
WEP Solutions,532373,,INE434B01029,IT - Services,IT Enabled Services,32.94,65.43,121.73,1.52,0.34,-37.04,16.08,-0.25,6.68,2.59,-45.61,0.13,202606.00,0.51,0.09,-26.55,-9.69,-26.23
Zenith Fibres,514266,,INE106C01013,Textiles & Apparels,Other Textile Products,54.10,5.79,21.34,1.85,1.14,200.00,15.45,58.95,5.63,-11.22,124.39,-15.79,202606.00,9.33,2.89,-10.77,-7.20,-10.77
Zenith Health,530665,,INE812B01026,Pharmaceuticals & Biotechnology,Pharmaceuticals,3.20,107.52,17.19,0.00,0.14,800.00,3.43,8.89,0.27,-9.40,245.45,188.89,202606.00,0.03,0.03,-50.00,-7.12,-50.00
Zenlabs Ethica,530697,,INE546F01013,Commercial Services & Supplies,Diversified Commercial Services,29.99,,19.51,0.00,-0.57,-2000.00,14.18,23.52,5.07,-1.82,-276.92,-62.15,202606.00,-3.90,-0.88,-71.89,-11.15,-71.89
Zuari Agro Chem.,534742,ZUARI,INE840M01016,Fertilizers & Agrochemicals,Fertilizers,213.40,2.87,897.53,0.00,118.69,19.70,615.21,-50.63,16.44,-43.98,21.60,-41.74,202606.00,223.33,28.17,-41.76,-11.09,-41.76
