Name,BSE Code,NSE Code,ISIN Code,Industry Group,Industry,Current Price,Price to Earning,Market Capitalization,Dividend yield,Net Profit latest quarter,YOY Quarterly profit growth,Sales latest quarter,YOY Quarterly sales growth,Return on capital employed,Sales growth,Profit growth,Operating profit growth,TTM Result Date,EPS,EPS latest quarter,EPS growth 3Years,Pledged percentage
A2Z Infra Engg.,533292,A2ZINFRA,INE619I01012,Construction,Civil Construction,15.19,63.77,269.66,0.00,-0.02,-98.57,68.45,-24.37,16.34,5.88,-66.25,-78.70,202606.00,0.21,0.00,-22.33,99.68
Aditya Ispat,513513,,INE570B01012,Industrial Products,Iron & Steel Products,7.90,,4.23,0.00,-0.83,11.70,7.44,13.94,-36.24,-15.29,-517.65,-261.50,202606.00,-13.74,-1.55,,100.00
Adtech Systems,544185,,INE257C01014,Industrial Manufacturing,Industrial Products,45.10,23.88,53.75,2.42,-0.52,-178.79,13.19,50.06,9.31,8.98,-51.09,-52.53,202606.00,1.89,-0.44,-1.42,29.68
Advent Hotels,544446,ADVENTHTL,INE28GN01010,Leisure Services,Hotels & Resorts,125.60,13.96,677.51,0.00,6.74,61.52,80.52,0.09,6.78,3.52,76.87,4.17,202606.00,7.01,1.14,,28.92
Afcons Infrastr.,544280,AFCONS,INE101I01011,Construction,Civil Construction,263.95,47.41,9707.70,0.74,30.30,-77.73,2671.00,-20.75,13.91,-11.87,-61.53,-28.13,202606.00,3.93,0.83,-48.33,100.00
Algoquant Fin,505725,ALGOQUANT,INE598D01035,Finance,Other Financial Services,64.50,40.52,1813.09,0.00,16.52,263.08,77.87,42.88,31.43,15.86,135.42,89.95,202606.00,1.59,0.59,119.82,32.42
Alkali Metals,533029,ALKALI,INE773I01017,Chemicals & Petrochemicals,Specialty Chemicals,72.87,68.71,74.22,1.35,-0.64,44.35,17.57,-14.75,8.67,1.93,176.06,122.83,202606.00,1.06,-0.63,-42.66,30.06
Amin Tannery,541771,,INE572Z01017,Consumer Durables,Leather And Leather Products,2.00,89.96,21.59,0.00,0.09,28.57,11.99,10.10,5.28,-15.94,-20.00,-29.90,202606.00,0.02,0.01,-15.14,50.84
Andhra Cements,532141,ACL,INE666E01020,Cement & Cement Products,Cement & Cement Products,42.67,,393.29,0.00,-35.93,-21.30,142.17,42.84,-6.01,56.40,51.63,176.38,202606.00,-7.97,-3.90,,31.67
ANG Lifesciences,540694,,INE236W01016,Pharmaceuticals & Biotechnology,Pharmaceuticals,36.45,,47.60,0.00,-4.24,-110.95,15.30,-37.80,-3.64,-15.60,-17.36,-2437.50,202606.00,-10.20,-3.25,,44.88
Angel Fibers,541006,,INE339Z01011,Textiles & Apparels,Other Textile Products,10.50,20.51,26.25,0.00,-0.45,-125.14,101.04,1.23,10.40,5.33,-30.43,-2.86,202603.00,0.51,-0.18,31.16,28.71
Anmol India,542437,ANMOL,INE02AR01019,Consumable Fuels,Trading - Coal,15.71,7.83,89.42,0.00,6.00,4.90,455.72,-21.07,8.80,-2.63,32.26,-3.44,202606.00,2.02,1.05,-15.38,38.28
Annapurna Swadi.,,ANNAPURNA,INE0MGM01017,Food Products,Packaged Foods,137.60,8.85,300.22,0.00,9.81,50.00,126.76,17.49,12.36,27.50,55.39,53.54,202603.00,13.90,4.50,47.65,87.44
Ansal Properties,500013,ANSALAPI,INE436A01026,Realty,"Residential, Commercial Projects",3.49,,54.93,0.00,30.16,-121.82,16.77,-92.08,,-70.37,-577.88,-652.87,202512.00,-88.38,1.92,,72.38
Apollo Micro Sys,540879,APOLLO,INE713T01028,Aerospace & Defense,Aerospace & Defense,387.75,118.76,14408.82,0.06,25.21,45.38,251.29,88.12,14.47,69.08,82.52,56.28,202606.00,3.42,0.72,46.56,30.51
Aqylon Nexus,530943,AQYLON,INE416A01051,Entertainment,TV Broadcasting & Software Production,21.00,750.49,532.78,0.00,4.26,331.52,8.47,28133.33,131.18,328.51,149.31,2457.69,202606.00,0.47,0.17,22.93,96.64
Arshiya,506074,ARSHIYA,INE968D01022,Transport Services,Logistics Solution Provider,0.78,,20.54,0.00,-0.06,-101.15,4.50,0.00,,32.10,99.12,127.77,202512.00,-0.08,0.00,16.17,100.00
Ashok Leyland,500477,ASHOKLEY,INE208A01029,"Agricultural, Commercial & Construction Vehicles",Commercial Vehicles,158.10,24.98,92865.58,2.13,667.77,0.78,13069.59,11.62,13.63,16.50,16.59,15.11,202606.00,5.92,1.05,44.91,40.10
AVG Logistics,543910,AVG,INE680Z01018,Transport Services,Logistics Solution Provider,174.00,27.61,325.52,0.69,6.01,21.91,130.78,5.06,9.20,1.80,-43.94,-14.77,202606.00,14.45,3.21,-0.47,66.71
B-Right Real,543543,,INE0IZQ01016,Realty,"Residential, Commercial Projects",935.00,27.96,965.97,0.00,33.43,2667.61,113.29,80.40,21.57,62.23,1172.86,402.22,202603.00,34.02,30.63,177.33,31.76
B.L.Kashyap,532719,BLKASHYAP,INE350H01032,Construction,Civil Construction,52.24,32.04,1177.72,0.00,10.00,-7.83,345.12,2.59,12.64,21.77,127.36,75.97,202606.00,0.03,0.44,-37.89,94.44
Bajaj Hindusthan,500032,BAJAJHIND,INE306A01021,Agricultural Food & other Products,Sugar,19.75,36.40,4721.62,0.00,-184.76,-6.39,1125.97,-9.81,3.11,-1.93,197.97,15.92,202606.00,0.17,-0.77,36.80,100.00
Bannari Amm Spg.,532674,BASML,INE186H01022,Textiles & Apparels,Other Textile Products,23.70,7.95,189.41,1.05,13.69,184.62,216.51,-0.40,6.80,-2.19,103.06,-2.65,202606.00,2.86,1.71,29.98,52.47
Bedmutha Indus.,533270,BEDMUTHA,INE844K01012,Industrial Products,Iron & Steel Products,104.00,20.08,335.55,0.00,6.92,309.70,541.43,74.32,13.99,51.93,45.64,99.13,202606.00,5.18,2.14,-19.67,94.99
BGR Energy Sys.,532930,BGRENERGY,INE661I01014,Construction,Civil Construction,224.00,,1616.43,0.00,-223.29,15.46,15.79,-82.18,-26.94,-38.23,-11.41,13.18,202606.00,-172.83,-31.06,,58.82
Bharat Wire,539799,BHARATWIRE,INE316L01019,Industrial Products,Iron & Steel Products,169.80,16.90,1167.92,0.00,12.23,-21.65,130.39,-7.95,12.31,-7.68,-1.24,-2.86,202606.00,10.07,1.78,4.80,51.00
Bharatiya Glob.,533499,BGLOBAL,INE224M01013,IT - Services,IT Enabled Services,3.08,1.53,4.88,0.00,-0.08,80.95,0.11,,-1.03,76.00,178.57,84.47,202606.00,2.01,-0.05,52.06,64.59
Bihar Sponge,500058,,INE819C01011,Ferrous Metals,Sponge Iron,12.82,9.90,115.63,0.00,2.48,16.98,0.00,-100.00,16.17,-42.68,32.39,20.06,202606.00,1.30,0.27,-1.22,52.05
Bluestone Jewel,544484,BLUESTONE,INE304W01038,Consumer Durables,"Gems, Jewellery And Watches",842.75,228.60,12875.42,0.00,5.96,120.16,736.85,49.56,6.78,40.02,128.59,247.55,202606.00,3.71,0.46,,37.21
Bodhi Tree,543767,BTML,INE0EEJ01023,Entertainment,Digital Entertainment,7.40,20.43,134.47,0.00,0.78,46.51,30.10,66.11,16.54,42.90,12.10,41.51,202606.00,0.36,0.03,24.69,55.87
Bosch Home Comfort,523398,BOSCH-HCIL,INE782A01015,Consumer Durables,Household Appliances,1671.40,225.08,4544.57,2.15,22.79,29.34,1095.52,28.49,4.78,12.57,-49.90,-35.47,202606.00,1.72,8.38,30.12,32.20
BPL,500074,BPL,INE110A01019,Consumer Durables,Consumer Electronics,46.68,,228.62,0.00,-3.54,-229.20,21.39,9.80,-1.78,2.01,-126.58,-196.01,202606.00,-2.97,-0.72,,79.61
Brahmaputra Inf.,535693,BRAHMINFRA,INE320I01017,Construction,Civil Construction,154.75,7.35,449.05,0.00,16.48,9.57,110.80,20.25,18.22,49.31,60.82,44.16,202606.00,21.03,5.68,76.86,100.00
Brookfield India,543261,BIRET,INE0FDU25010,Realty,Real Estate Investment Trusts (REITs),334.65,51.78,27771.93,1.97,221.34,44.36,973.83,51.78,5.36,34.53,105.31,37.49,202606.00,7.24,2.17,17.78,90.00
Celebrity Fash.,532695,CELEBRITY,INE185H01016,Textiles & Apparels,Garments & Apparels,6.88,,44.42,0.00,-2.37,64.78,26.42,-35.04,-12.31,-7.00,30.86,48.29,202606.00,-1.85,-0.37,,72.46
Chalet Hotels,542399,CHALET,INE427F01016,Leisure Services,Hotels & Resorts,852.75,34.90,18674.72,0.23,86.13,-54.44,512.27,-42.73,17.01,6.05,87.78,11.67,202606.00,24.13,3.93,56.33,31.91
Challani Capital,530747,,INE807A01010,Finance,Non Banking Financial Company (NBFC),17.74,56.62,26.61,0.00,0.17,-61.36,0.34,-54.05,9.50,-37.55,-78.04,-69.08,202606.00,0.31,0.11,40.57,53.36
CIAN Agro,519477,,INE052V01019,Agricultural Food & other Products,Edible Oil,1267.00,11.02,3545.83,0.00,149.70,186.73,586.66,14.85,12.27,51.75,245.40,124.61,202606.00,115.11,53.49,722.02,44.37
Cineline India,532807,CINELINE,INE704H01022,Entertainment,"Film Production, Distribution & Exhibition",93.92,26.59,357.95,1.32,-1.21,74.27,59.27,30.87,10.86,14.23,2.51,30.50,202606.00,3.61,-0.35,0.75,46.56
Cohance Life,543064,COHANCE,INE03QK01018,Pharmaceuticals & Biotechnology,Pharmaceuticals,427.10,151.78,16340.76,0.00,-45.19,-144.15,422.26,-23.13,5.81,-19.79,-77.48,-59.67,202606.00,2.78,-0.63,-32.51,94.56
Comfort Intech,531216,COMFINTE,INE819A01049,Beverages,Breweries & Distilleries,6.00,,191.96,0.81,4.76,-8.43,31.72,56.26,2.68,15.72,-144.24,18.97,202606.00,-0.11,0.15,,27.84
Confidence Petro,526829,CONFIPET,INE552D01024,Gas,LPG/CNG/PNG/LNG Supplier,87.15,21.52,2895.44,0.11,62.55,207.04,2408.53,116.60,9.23,72.45,47.35,22.70,202606.00,4.05,1.86,-0.64,41.45
Constronics,523844,,INE537B01011,Commercial Services & Supplies,Trading & Distributors,49.50,24.72,62.02,0.00,0.70,-30.00,9.57,-24.88,7.90,-4.63,-9.90,-25.00,202606.00,2.00,0.56,,99.99
Cube Highways,543899,CUBEINVIT,INE0NR623014,Transport Infrastructure,"Road AssetsToll, Annuity, Hybrid-Annuity",156.70,76.00,21061.59,2.52,61.11,13184.78,1126.63,19.31,6.44,27.80,808.43,36.31,202606.00,2.06,0.45,,50.26
Damodar Indust.,521220,DAMODARIND,INE497D01022,Textiles & Apparels,Other Textile Products,28.69,11.63,66.85,0.00,2.69,15.95,152.85,47.90,7.06,18.26,-27.03,41.80,202606.00,2.47,1.15,119.92,31.88
Dhruva Cap.Serv.,531237,,INE972E01014,Finance,Non Banking Financial Company (NBFC),84.00,,60.40,0.00,0.03,105.56,0.80,1.27,9.36,25.91,-390.91,-150.00,202606.00,-0.99,0.04,130.51,32.67
Diamant Infra.,508860,,INE206I01026,Construction,Civil Construction,0.78,,2.75,0.00,0.04,300.00,0.00,,0.15,,-100.00,42.86,202606.00,0.00,0.01,7.72,77.52
Digikore Studios,,DIGIKORE,INE0QJ901011,Entertainment,Media & Entertainment,37.25,3.73,47.19,0.00,6.53,165.10,31.55,134.05,24.67,83.13,275.31,570.26,202603.00,9.98,5.16,,86.50
DJS Stock,511636,,INE234E01027,Finance,Other Financial Services,2.66,,20.07,0.00,-0.04,-140.00,0.00,-100.00,0.61,-98.63,-144.44,-140.00,202606.00,-0.02,-0.01,29.14,75.01
Docmode Health,,DHTL,INE0OGG01015,Other Consumer Services,E-Learning,30.90,,9.71,0.00,-0.07,95.57,7.67,-64.07,6.12,-38.82,93.60,50.00,202603.00,-0.41,-0.22,,37.37
Dollex Agrotech,544908,DOLLEX,INE0JHH01011,Agricultural Food & other Products,Sugar,37.21,18.71,148.66,0.00,1.28,-26.86,39.95,10.33,5.52,-2.97,127.14,65.17,202606.00,1.99,0.32,11.30,88.45
Educomp Sol.,532696,EDUCOMP,INE216H01027,Other Consumer Services,Education,0.84,,10.28,0.00,-160.68,-5.40,112.60,-5.71,,-12.56,-6.92,-0.30,202503.00,-2.92,-12.32,6.13,94.41
Elpro Internatio,504000,ELPROINTL,INE579B01039,Realty,"Residential, Commercial Projects",174.89,22.97,2964.02,0.40,116.14,56.27,138.70,39.09,6.57,53.55,39.09,99.98,202606.00,7.62,6.85,33.08,77.33
Embassy Develop,532832,EMBDL,INE069I01010,Realty,"Residential, Commercial Projects",54.49,,7577.54,0.00,-234.40,-41.27,216.75,-68.17,-2.44,-46.63,-1333.75,-456.31,202606.00,-6.80,-1.68,4.68,64.87
Esaar (India),531502,,INE404L01039,Commercial Services & Supplies,Diversified Commercial Services,12.13,3.26,97.53,0.00,1.65,109.64,6.29,220.92,30.86,321.33,243.75,198.75,202606.00,3.72,0.21,35.48,41.14
Eureka Forbes,543482,EUREKAFORB,INE0KCE01017,Consumer Durables,Household Appliances,393.05,38.03,7604.30,0.00,55.44,6.98,700.77,15.31,5.86,12.55,19.71,17.23,202606.00,9.16,2.87,88.95,53.66
Facor Alloys,532656,,INE828G01013,Ferrous Metals,Ferro & Silica Manganese,2.88,,56.31,0.00,22.06,67.85,0.29,480.00,-17.56,677.27,-142.42,8.27,202606.00,0.61,1.13,,70.91
Family Care,516110,,INE146N01016,Healthcare Services,Healthcare Service Provider,2.01,,10.88,0.00,-0.42,40.00,0.05,150.00,-23.20,-93.92,-113.98,-111.40,202606.00,-1.56,-0.08,,65.47
Felix Industries,,FELIX,INE901X01013,Other Utilities,Water Supply & Management,204.80,17.52,352.38,0.00,5.51,53.66,28.22,36.86,19.28,122.11,79.64,137.94,202606.00,11.69,3.30,66.18,40.46
Flexituff Vent.,533638,FLEXITUFF,INE060J01017,Textiles & Apparels,Other Textile Products,2.25,,7.36,0.00,-15.68,14.46,0.00,-100.00,-26.79,-97.41,-80.44,46.20,202606.00,-40.29,-4.78,2.45,77.00
Forbes & Co,502865,,INE518A01013,Consumer Durables,Household Appliances,340.15,36.11,438.79,0.00,3.60,-25.93,13.26,-40.94,5.11,-64.01,-55.56,-69.59,202606.00,9.42,2.79,28.92,98.25
Forbes Precision,544186,,INE0TT901016,Industrial Manufacturing,Industrial Products,166.00,25.19,856.47,3.02,9.03,137.01,67.55,28.89,21.05,14.08,22.58,20.43,202606.00,6.59,1.75,,94.40
Fourth Gen.,532403,,INE739B01039,IT - Software,Software Products,6.41,,2.28,0.00,-0.26,-8.33,0.00,,-10.98,-100.00,-118.92,-11.76,202606.00,-2.28,-0.73,,74.24
Future Market,533296,FMNL,INE360L01017,Commercial Services & Supplies,Diversified Commercial Services,9.12,6.64,55.30,0.00,1.81,25.81,24.64,0.82,9.28,-2.12,259.71,8.75,202606.00,1.37,0.32,27.05,78.69
Ganesha Ecosphe.,514167,GANECOS,INE845D01014,Textiles & Apparels,Other Textile Products,1005.65,47.70,2694.72,0.35,29.03,170.05,423.67,25.67,5.58,6.96,-38.15,-17.13,202606.00,21.08,10.83,-21.83,31.87
Garnet Intl.,512493,,INE590B01010,Finance,Investment Company,59.49,37.19,116.82,0.00,-0.32,-124.81,0.54,-74.65,11.24,-60.10,53.92,36.44,202606.00,1.60,-0.16,18.70,60.49
Gautam Gems,540936,,INE063Z01017,Consumer Durables,"Gems, Jewellery And Watches",3.04,16.35,12.42,0.00,0.12,100.00,29.23,24.49,2.08,12.58,137.50,1.49,202606.00,0.19,0.03,35.04,57.93
Gayatri Highways,541546,GAYAHWS,INE287Z01012,Transport Infrastructure,"Road AssetsToll, Annuity, Hybrid-Annuity",1.90,,45.53,0.00,-2.83,-33.49,7.09,,67.14,439.65,-125.98,86.40,202606.00,-0.08,-0.12,25.91,59.00
Gayatri Sugars,532183,,INE622E01023,Agricultural Food & other Products,Sugar,7.97,113.90,59.23,0.00,-19.09,-2.63,24.50,-12.03,12.40,5.46,225.00,-0.15,202606.00,0.07,-2.57,-58.74,39.60
GEE,504028,,INE064H01021,Electrical Equipment,Other Electrical Equipment,125.40,36.26,651.79,0.00,6.85,316.33,102.86,29.91,11.35,18.70,264.86,3362.83,202606.00,3.63,1.32,21.52,43.62
Gensol Engineer.,542851,GENSOL,INE06H201014,Electrical Equipment,Other Electrical Equipment,17.00,0.65,65.36,0.00,17.86,32.52,344.51,56.42,14.33,74.22,111.15,87.37,202412.00,27.04,4.45,152.94,95.10
Gian Lifecare,542918,,INE063601012,Healthcare Services,Healthcare Service Provider,4.74,,4.91,0.00,0.10,-71.43,1.12,-29.56,2.40,-62.85,-135.69,-101.01,202512.00,-0.93,0.10,,65.08
Globesecure Tech,,GSTL,INE00WS01056,IT - Services,IT Enabled Services,10.45,,16.65,0.00,0.62,119.94,12.82,100.94,1.18,22.41,90.24,206.03,202603.00,-0.18,0.39,,81.28
GMR Urban,543490,GMRP&UI,INE0CU601026,Power,Power Generation,91.64,,7157.25,0.00,-35.38,48.83,1705.18,3.44,11.96,15.79,-95.27,16.85,202606.00,8.11,-0.53,,59.96
Goa Carbon,509567,GOACARBON,INE426D01013,Minerals & Mining,Industrial Minerals,388.55,,355.52,0.00,-6.58,17.23,65.70,-67.03,-4.91,-2.94,-42.20,26.19,202606.00,-51.22,-7.19,,92.75
Gokaldas Exports,532630,GOKEX,INE887G01027,Textiles & Apparels,Garments & Apparels,747.70,53.22,5478.98,0.00,44.30,6.82,1153.51,20.69,7.65,7.65,-40.43,-5.78,202606.00,14.05,6.05,-29.72,96.28
Goldcoin Health,538542,,INE634J01027,Food Products,Packaged Foods,30.45,,4.56,0.00,-0.09,-325.00,0.02,0.00,-11.15,12.50,-142.86,-5.00,202606.00,-1.10,-0.60,18.72,42.55
GP Eco Solutions,,GPECO,INE0S7E01015,Electrical Equipment,Other Electrical Equipment,398.00,12.23,490.73,0.00,32.94,424.16,292.91,79.56,38.27,68.16,287.26,251.54,202603.00,33.91,25.12,-38.25,55.50
GPT Infraproject,533761,GPTINFRA,INE390G01014,Construction,Civil Construction,110.25,14.15,1393.20,2.50,24.34,4.90,302.07,-3.38,21.40,1.62,13.47,31.51,202606.00,7.79,1.95,42.14,50.77
Him Teknoforg.,505712,,INE705G01021,Auto Components,Auto Components & Equipments,280.00,20.83,289.27,0.30,4.15,44.60,118.28,17.45,9.08,13.50,32.79,24.05,202606.00,13.97,4.02,-6.43,43.66
Hind.Construct.,500185,HCC,INE549A01026,Construction,Civil Construction,21.47,41.51,5623.94,0.00,51.08,0.69,993.42,-8.97,24.85,-20.64,366.39,-22.23,202606.00,0.63,0.20,33.54,82.43
HLV,500193,HLVLTD,INE102A01024,Leisure Services,Hotels & Resorts,6.27,52.99,413.37,0.00,-0.78,77.52,46.68,14.58,1.60,2.86,-61.42,-33.75,202606.00,0.07,-0.01,-12.17,36.49
Impex Ferro Tech,532614,IMPEXFERRO,INE691G01015,Ferrous Metals,Ferro & Silica Manganese,5.28,,46.43,0.00,-1.77,5.35,0.00,,,-100.00,13.88,10.14,202606.00,-0.72,-0.20,22.96,100.00
India Finsec,535667,,INE474O01010,Finance,Non Banking Financial Company (NBFC),240.00,42.69,700.60,0.00,6.89,28.68,28.55,53.66,13.28,29.42,41.22,35.61,202606.00,5.62,1.68,62.54,84.16
India Power Corp,,DPSCLTD,INE360C01024,Power,Integrated Power Utilities,7.06,53.68,687.50,0.71,4.14,321.39,166.08,21.47,3.49,10.10,82.22,104.67,202603.00,0.13,0.04,-6.95,67.63
Indian Acrylics,514165,,INE862B01013,Chemicals & Petrochemicals,Petrochemicals,5.80,,78.48,0.00,-1.67,64.62,106.94,24.07,-3.31,3.07,21.55,104.47,202606.00,-1.55,-0.12,,26.36
Indo Borax & Ch.,524342,INDOBORAX,INE803D01021,Chemicals & Petrochemicals,Commodity Chemicals,464.75,30.46,1491.42,2.17,16.25,59.31,70.36,31.34,15.37,29.69,26.54,24.26,202606.00,17.55,5.06,-9.29,100.00
Indo Tech.Trans.,532717,INDOTECH,INE332H01014,Electrical Equipment,Heavy Electrical Equipment,3493.95,37.39,3710.56,0.28,25.70,34.06,227.89,39.02,40.35,21.99,28.73,39.32,202606.00,93.50,24.20,53.40,80.26
Indowind Energy,532894,INDOWIND,INE227G01018,Power,Power Generation,9.13,,146.99,0.00,2.10,-13.10,8.44,-26.93,2.22,-5.31,-108.07,-15.95,202606.00,-0.02,0.12,-39.34,25.26
Inducto Steel,532001,,INE146H01018,Industrial Products,Iron & Steel Products,62.19,12.07,24.99,0.00,1.29,616.00,79.38,73.13,5.94,20.18,167.87,595.73,202606.00,5.15,3.21,-2.35,43.28
IndusInd Bank,532187,INDUSINDBK,INE095A01012,Banks,Private Sector Bank,960.90,56.70,74868.06,0.15,1037.05,71.68,11309.94,-7.78,5.68,-6.38,31.08,-8.05,202606.00,16.97,13.31,-50.81,42.78
Jai Balaji Inds.,532976,JAIBALAJI,INE091G01026,Ferrous Metals,Iron & Steel,62.66,39.12,5716.43,0.00,85.23,20.81,1682.59,23.98,9.57,2.00,-65.13,-45.46,202606.00,1.59,0.93,-7.91,31.09
Jain Irrigation,500219,JISLJALEQS,INE175A01038,Industrial Products,Plastic Products - Industrial,29.27,,2131.15,0.00,-17.80,-207.18,1508.37,-2.41,5.30,8.81,-177.36,3.51,202606.00,-0.75,-0.21,,40.77
Jayaswal Neco,522285,JAYNECOIND,INE854B01010,Industrial Products,Iron & Steel Products,88.07,15.00,8551.59,0.00,193.92,108.47,2106.56,27.72,20.69,22.18,140.77,29.29,202606.00,5.81,2.00,19.97,99.87
Jet Freight,543420,JETFREIGHT,INE982V01025,Transport Services,Logistics Solution Provider,19.95,12.24,92.57,0.00,2.53,42.13,178.97,49.93,13.41,21.68,69.13,45.14,202606.00,1.63,0.55,383.93,26.16
JP Power Ven.,532627,JPPOWER,INE351F01018,Power,Power Generation,15.67,12.78,10739.41,0.00,468.84,138.18,1775.70,12.16,6.97,8.80,12.35,-8.49,202606.00,0.94,0.68,96.79,72.99
Jyoti,504076,,INE511D01012,Electrical Equipment,Heavy Electrical Equipment,60.25,8.34,139.14,0.00,5.23,-20.93,74.90,8.38,12.81,4.27,-14.90,37.00,202606.00,7.47,2.26,17.01,97.41
Kanoria Chem.,506525,KANORICHEM,INE138C01024,Industrial Manufacturing,Industrial Products,178.50,12.81,780.05,0.00,26.36,8534.71,460.37,128.61,5.95,25.33,382.84,94.77,202606.00,35.47,6.03,114.12,29.57
Keerthi Indus,518011,,INE145L01012,Cement & Cement Products,Cement & Cement Products,40.00,,32.08,0.00,-7.14,-151.41,19.11,-37.51,-25.11,-13.80,-23.24,6.06,202606.00,-24.99,-8.91,,44.65
Khaitan (India),590068,KHAITANLTD,INE731C01018,Consumer Durables,Consumer Electronics,158.34,10.81,75.20,0.00,2.44,56.41,41.45,39.75,20.10,41.11,7.74,29.71,202606.00,14.65,5.14,120.06,32.85
Khemani Distrib.,539788,,INE030U01025,Retailing,Distributors,113.65,,261.10,0.00,-22.41,-325.68,18.14,-64.45,-26.14,-24.12,-348.21,-299.08,202603.00,-5.64,-9.75,,30.19
Kirl. Electric,533193,KECL,INE134B01017,Electrical Equipment,Other Electrical Equipment,118.90,51.48,789.68,0.00,-5.99,-1526.19,103.85,-21.47,14.59,3.38,298.70,109.25,202606.00,1.12,-0.90,-28.99,75.33
KPI Green Energy,542323,KPIGREEN,INE542W01025,Power,Power Generation,277.90,12.10,5493.28,0.32,94.63,-17.64,693.84,15.08,13.85,40.01,27.27,56.54,202606.00,23.19,4.33,52.59,44.74
Lactose (India),524202,,INE058I01013,Pharmaceuticals & Biotechnology,Pharmaceuticals,99.90,18.13,125.77,0.00,2.37,58.00,46.97,18.67,11.29,34.91,58.09,22.38,202606.00,5.51,1.88,72.04,26.07
Lagnam Spintex,,LAGNAM,INE548Z01017,Textiles & Apparels,Other Textile Products,72.80,7.01,128.62,0.00,5.89,198.98,165.86,18.39,10.07,7.69,38.29,8.81,202606.00,10.36,3.33,13.82,48.16
Lambodhara Text.,590075,LAMBODHARA,INE112F01022,Textiles & Apparels,Other Textile Products,137.05,11.46,142.23,0.37,3.57,65.28,53.88,-8.83,12.31,-1.05,75.42,10.74,202606.00,11.97,3.44,-13.84,39.28
LCC Infotech,532019,LCCINFOTEC,INE938A01021,Other Consumer Services,Education,3.02,,50.91,0.00,-0.12,20.00,0.00,-100.00,-1.88,-100.00,54.90,55.66,202606.00,-0.03,-0.01,12.53,58.23
Leela Palaces Hotels,544408,THELEELA,INE0AQ201015,Leisure Services,Hotels & Resorts,527.50,39.22,17616.26,0.00,48.76,456.44,351.96,28.08,8.73,19.10,240.90,21.50,202606.00,13.27,1.46,,73.65
Lotus Eye Hospit,532998,LOTUSEYE,INE947I01017,Healthcare Services,Hospital,110.95,1442.09,230.73,0.00,0.61,12.96,17.06,26.18,1.41,14.09,-75.38,49.54,202606.00,0.07,0.29,-73.03,87.15
Magellanic Cloud,538891,MCLOUD,INE613C01026,IT - Software,Computers - Software & Consulting,25.60,13.47,1508.00,0.12,23.70,-14.56,180.28,9.95,19.79,13.54,7.60,0.17,202606.00,1.87,0.40,15.76,46.76
Mangalam Alloys,,MAL,INE00C401011,Industrial Products,Iron & Steel Products,46.30,7.78,114.30,0.00,2.91,-76.55,219.13,-6.31,13.06,1.53,10.29,3.72,202603.00,5.95,1.18,21.65,54.25
Maral Overseas,521018,MARALOVER,INE882A01013,Textiles & Apparels,Other Textile Products,61.50,11.40,255.29,0.00,5.98,147.57,263.21,16.72,7.57,-0.30,173.80,206.57,202606.00,5.25,1.44,31.21,48.03
Max Financial,500271,MFSL,INE180A01020,Insurance,Life Insurance,1444.80,459.50,49862.18,0.00,118.29,36.38,14969.51,16.75,2.87,4.91,-60.13,-35.08,202606.00,3.18,2.77,-40.40,26.92
Medplus Health,543427,MEDPLUS,INE804L01022,Retailing,Pharmacy Retail,658.85,37.60,7915.23,0.00,33.17,-21.67,1879.60,21.84,12.56,16.79,18.02,16.37,202606.00,17.55,2.76,65.48,60.74
MEP Infrast.,539126,MEP,INE776I01010,Transport Infrastructure,"Road AssetsToll, Annuity, Hybrid-Annuity",0.66,,12.10,0.00,-604.90,-767.36,20.49,1.84,-401.21,-15.24,-431.30,-607.41,202403.00,-41.28,-32.97,,75.71
Mindspace Busine,543217,MINDSPACE,INE0CCU25019,Realty,Real Estate Investment Trusts (REITs),496.84,42.21,32890.51,2.38,271.81,67.10,946.44,27.85,7.64,25.85,53.92,31.74,202606.00,11.89,3.96,22.75,47.58
Money Masters,535910,,INE340O01021,Finance,Non Banking Financial Company (NBFC),0.63,11.70,6.32,0.00,0.06,-45.45,0.31,-3.12,3.42,-6.15,-15.62,-1.37,202606.00,0.05,0.01,-9.76,77.28
MOS Utility,,MOS,INE0N7S01028,Financial Technology (Fintech),Financial Technology (Fintech),5.70,8.11,146.75,0.00,4.36,2.21,151.09,-5.47,19.50,3.05,61.32,33.45,202606.00,0.70,0.16,62.16,42.12
Mphasis,526299,MPHASIS,INE356A01018,IT - Software,Computers - Software & Consulting,2378.80,23.49,45407.61,2.54,489.51,10.82,4384.05,17.46,22.09,13.69,11.32,12.42,202606.00,100.21,25.65,4.66,100.00
MSP Steel & Pow.,532650,MSPL,INE752G01015,Industrial Products,Iron & Steel Products,32.89,13.41,1864.21,0.00,21.98,23.21,826.52,16.27,9.69,4.03,905.49,36.78,202606.00,0.67,0.39,56.18,63.53
MT Educare,534312,MTEDUCARE,INE472M01018,Other Consumer Services,Education,1.74,,12.58,0.00,2.60,112.77,9.88,-23.41,2.10,-28.24,89.78,464.80,202603.00,-0.43,0.36,24.25,50.74
Nagarjuna Fert.,539917,NAGAFERT,INE454M01024,Fertilizers & Agrochemicals,Fertilizers,1.89,,113.03,0.00,-5.56,11.18,0.00,,,-103.89,57.16,65.10,202606.00,-0.25,-0.09,25.63,37.58
Nazara Technolo.,543280,NAZARA,INE418L01047,Entertainment,Digital Entertainment,358.60,,13762.88,0.00,-82.47,-249.49,428.77,-14.03,27.10,-6.07,-267.34,-180.04,202606.00,-1.42,-2.16,162.83,86.97
Nexus Select,543913,NXST,INE0NDH25011,Realty,Real Estate Investment Trusts (REITs),166.17,57.17,25174.77,1.43,156.52,30.89,680.53,10.91,5.83,12.33,-4.84,10.77,202606.00,2.91,1.03,,77.38
Nihar Info Glob.,531083,,INE876E01033,IT - Software,Software Products,6.27,17.18,6.52,0.00,0.00,-100.00,3.51,68.75,8.72,147.73,110.11,115.58,202606.00,0.37,0.00,81.71,26.90
Nisus Finance,544296,,INE0DQN01013,Finance,Holding Company,158.90,5.57,379.43,0.00,12.36,-30.20,184.99,551.37,32.00,754.94,126.36,224.21,202603.00,29.46,4.72,2.98,32.03
Nitco,532722,NITCO,INE858F01012,Consumer Durables,Ceramics,88.83,,2136.95,0.00,-10.33,-121.61,116.01,-22.77,7.16,28.75,86.76,-227.92,202606.00,-1.22,-0.43,27.50,67.13
Northern Spirits,542628,,INE01BL01012,Commercial Services & Supplies,Trading & Distributors,128.60,7.13,206.41,0.26,9.27,25.61,598.79,12.11,15.71,17.73,19.52,4.83,202606.00,18.08,5.78,34.60,44.80
Nuvama Wealth,543988,NUVAMA,INE531F01023,Capital Markets,Stockbroking & Allied,1679.80,28.56,30983.75,1.63,305.64,15.85,1376.22,22.59,17.49,12.80,5.22,9.45,202606.00,59.59,16.75,,62.80
OK Play India,526415,,INE870B01024,Consumer Durables,Leisure Products,3.25,33.72,117.96,0.00,0.09,-83.78,45.81,11.22,4.90,19.64,443.14,-11.80,202606.00,0.07,0.00,44.80,51.92
One Point One,544748,ONEPOINT,INE840Y01029,Commercial Services & Supplies,Business Process Outsourcing (BPO)/ Knowledge Process Outsourcing (KPO),58.27,33.28,1532.16,0.00,16.31,72.78,158.32,129.42,10.88,52.41,31.61,55.20,202606.00,1.72,0.62,47.29,35.99
Onelife Capital,533632,ONELIFECAP,INE912L01015,Capital Markets,Stockbroking & Allied,33.50,13.04,125.13,0.03,3.89,829.41,7.20,747.06,11.41,213.79,142.80,84.57,202606.00,2.57,1.00,60.88,71.00
OneSource Speci.,544292,ONESOURCE,INE013P01021,Pharmaceuticals & Biotechnology,Pharmaceuticals,1612.00,,18485.29,0.00,25.00,1046.67,449.02,37.20,0.57,4.29,-141.74,-30.83,202606.00,-4.24,2.18,,37.23
Onida Electronics,500279,ONIDA,INE831A01028,Consumer Durables,Consumer Electronics,33.77,,1247.86,0.00,-14.18,-13.53,182.41,29.51,-17.01,6.34,-259.16,-1035.57,202606.00,-2.08,-0.38,,28.42
Orient Green,533263,GREENPOWER,INE999K01014,Power,Power Generation,9.03,19.82,1059.22,0.00,23.95,-20.14,81.43,-6.81,7.19,0.71,0.48,-5.40,202606.00,0.54,0.20,85.44,99.99
P B A Infra.,532676,,INE160H01019,Construction,Civil Construction,9.45,,12.76,0.00,-1.18,-237.14,0.00,-100.00,-23.43,-46.57,-3836.31,-1584.78,202606.00,-61.38,-0.87,11.07,64.49
Pace E-Commerce,543637,,INE0N1L01018,Retailing,E-Retail/ E-Commerce,14.99,8.95,33.78,0.00,1.58,-13.66,57.92,26.88,7.53,38.69,13.90,29.43,202603.00,1.67,0.70,82.52,41.40
Pakka,516030,PAKKA,INE551D01018,"Paper, Forest & Jute Products",Paper & Paper Products,74.75,25.54,356.33,0.00,5.89,484.97,117.19,42.97,3.85,0.07,-49.22,-15.33,202606.00,3.02,1.24,-50.85,76.91
Panorama Studios,539469,PANORAMA,INE258R01028,Entertainment,"Film Production, Distribution & Exhibition",52.37,56.50,1364.40,0.11,12.71,165.95,183.07,34.26,8.70,-23.59,-44.35,-42.07,202606.00,0.93,0.52,-29.39,26.55
Patel Engineerin,531120,PATELENG,INE244B01030,Construction,Civil Construction,26.09,6.58,2588.58,0.00,98.50,24.63,1280.74,3.83,13.28,-1.44,4.20,-4.32,202606.00,2.82,0.98,22.58,86.57
Patspin India,514326,,INE790C01014,Textiles & Apparels,Other Textile Products,6.32,,19.54,0.00,-2.54,-7.63,11.01,-1.61,-8.82,3.28,-7.77,-385.00,202606.00,-3.75,-0.82,16.78,36.26
Pion. Embroider.,514300,PIONEEREMB,INE156C01018,Textiles & Apparels,Other Textile Products,21.05,,64.86,0.00,0.12,104.00,96.71,12.30,2.19,-4.97,-125.78,-36.24,202606.00,-0.11,0.04,,52.59
Pioneer Invest,507864,PIONRINV,INE746D01014,Finance,Other Financial Services,87.20,7.51,107.23,0.00,1.98,-45.15,6.70,-56.24,10.95,-11.15,73.72,-2.09,202606.00,11.61,1.61,97.67,43.18
Pramara Promotio,,PRAMARA,INE0O7A01017,Media,Advertising & Media Agencies,88.30,12.26,123.13,0.00,3.91,5.96,59.27,6.49,14.95,30.13,70.17,35.23,202603.00,7.20,2.80,28.76,37.12
Premier Energy,533100,,INE429K01012,Realty,"Residential, Commercial Projects",7.37,,30.48,0.00,-0.76,-153.33,0.00,,-1.86,,-720.00,9.60,202606.00,-0.37,-0.18,,78.94
Pro Fin Capital,511557,,INE732K01027,Commercial Services & Supplies,Diversified Commercial Services,2.49,,147.58,0.00,2.51,-1.18,36.76,249.43,-0.08,-1654.14,92.35,56.20,202606.00,-0.04,0.04,,33.28
Quint Digital,539515,QUINT,INE641R01017,Media,Electronic Media,47.94,,226.32,0.00,-2.97,-187.34,34.80,335.54,-0.91,229.09,-542.17,39.41,202606.00,3.41,-0.42,19.98,59.85
Raasi Refractor,502271,,INE858D01017,Industrial Manufacturing,Industrial Products,18.30,30.77,8.62,0.00,0.41,46.43,14.48,33.58,10.53,60.12,-68.54,-126.16,202606.00,0.66,0.87,-48.13,99.82
Radaan Media.,590070,RADAAN,INE874F01027,Entertainment,Media & Entertainment,2.91,,15.76,0.00,-0.44,70.47,1.50,417.24,-38.00,-21.03,-120.59,-596.92,202606.00,-0.69,-0.08,,48.47
Rajshree Sugars,500354,RAJSREESUG,INE562B01019,Agricultural Food & other Products,Sugar,32.81,,108.73,0.00,-23.33,-64.99,153.23,8.73,2.82,2.64,48.62,67.29,202606.00,-2.43,-7.04,28.14,100.00
Ramky Infra,533262,RAMKY,INE874I01013,Construction,Civil Construction,320.00,11.88,2214.32,0.30,38.79,-47.18,471.23,24.26,13.66,4.52,-4.40,-38.17,202606.00,34.10,5.68,45.03,25.70
Refex Industries,532884,REFEX,INE056I01025,Other Utilities,Waste Management,267.00,12.87,3663.78,0.55,64.56,145.38,916.31,160.42,22.71,37.90,56.27,121.31,202606.00,18.10,4.65,18.81,43.51
Refex Renewables,531260,,INE332F01018,Construction,Civil Construction,344.10,,154.77,0.00,-3.14,59.05,22.20,32.62,3.27,7.82,-8.22,-5.52,202606.00,-85.29,-6.89,-41.41,42.66
Relicab Cable,539760,,INE773T01014,Electrical Equipment,Other Electrical Equipment,35.21,19.98,35.55,0.00,0.42,-22.22,17.19,59.91,17.82,59.12,-8.72,8.11,202606.00,1.76,0.42,9.43,99.94
Rita Finance and,543256,,INE018S01016,Finance,Non Banking Financial Company (NBFC),12.00,19.35,12.00,0.00,0.15,-31.82,0.43,16.22,5.88,29.91,6.90,34.29,202606.00,0.62,0.15,-2.74,77.32
RKEC Projects,,RKEC,INE786W01010,Construction,Civil Construction,20.00,,51.67,0.00,-17.30,-616.42,17.32,-77.23,-5.54,-68.90,-406.36,-200.12,202606.00,-21.44,-6.70,,75.24
Royal Cush. Vin.,526193,,INE618A01011,Consumer Durables,Granites & Marbles,12.06,,44.12,0.00,-5.13,-1121.43,8.25,-34.58,-0.17,-14.56,-717.56,-63.94,202606.00,-3.46,-1.40,22.93,76.52
RPP Infra Proj.,533284,RPPINFRA,INE324L01013,Construction,Civil Construction,56.07,134.31,278.02,0.88,2.77,-74.45,347.09,0.04,4.94,3.37,-96.57,-97.42,202606.00,0.83,0.56,-36.10,26.77
Rudra Gas,544121,,INE0OYK01010,Construction,Civil Construction,80.00,7.74,66.70,0.00,5.75,40.24,70.91,17.28,22.55,20.89,28.46,39.45,202603.00,10.34,6.90,-58.48,33.33
S J Logistics (I,,SJLOGISTIC,INE0F3301020,Transport Services,Logistics Solution Provider,312.45,6.54,494.41,0.00,43.43,49.50,370.89,33.62,32.38,30.11,44.43,58.72,202603.00,49.57,28.40,24.13,39.80
Sadbhav Infra.,539346,SADBHIN,INE764L01010,Construction,Civil Construction,2.46,1.02,86.65,0.00,52.95,223.43,200.26,7.50,17.62,9.00,1002.22,8.88,202606.00,0.04,0.95,-6.77,55.49
Sagar Cements,502090,SAGCEM,INE229C01021,Cement & Cement Products,Cement & Cement Products,148.40,,1939.70,0.00,-28.10,-1994.26,706.07,5.28,1.97,13.42,76.99,12.56,202606.00,-2.71,-1.77,,29.99
Sai Capital,531931,SAICAPI,INE531X01018,Commercial Services & Supplies,Diversified Commercial Services,152.00,3.53,43.77,0.00,3.40,3.28,0.23,53.33,4.98,27.12,4.38,23.37,202606.00,43.07,10.94,68.48,37.51
Sakthi Sugars,507315,SAKHTISUG,INE623A01011,Agricultural Food & other Products,Sugar,19.14,8.31,227.48,0.00,-1.83,-66.36,376.91,24.63,14.08,16.25,110.85,69.61,202606.00,2.31,-0.15,29.97,62.24
Sangal Papers,516096,,INE384D01022,"Paper, Forest & Jute Products",Paper & Paper Products,189.95,5.85,24.88,0.00,2.68,235.00,55.91,17.53,8.01,1.32,43.58,18.35,202606.00,32.51,20.50,-8.02,38.76
Sarup Industries,514412,,INE305D01019,Consumer Durables,Footwear,114.00,74.10,37.05,0.00,0.05,-58.33,3.10,-21.12,4.14,-6.50,-31.51,-42.01,202606.00,1.54,0.15,30.61,28.94
SBC Exports,542725,SBC,INE04AK01028,Textiles & Apparels,Garments & Apparels,47.81,67.05,2276.67,0.00,9.43,269.80,106.04,72.82,16.67,46.75,139.59,130.97,202606.00,0.71,0.20,47.23,39.98
Sea TV Network,533268,,INE351L01016,Entertainment,TV Broadcasting & Software Production,3.00,,3.60,0.00,-0.44,-300.00,2.41,28.19,,-7.84,75.41,47.57,202606.00,-0.12,-0.37,31.95,51.19
SEL Mfg. Co,532886,SELMC,INE105I01020,Textiles & Apparels,Other Textile Products,27.79,,92.08,0.00,-42.00,-0.02,3.01,-47.65,-13.90,-29.50,-0.71,13.59,202606.00,-50.95,-12.68,5.65,36.00
SEPC,532945,SEPC,INE964H01014,Construction,Civil Construction,5.15,36.69,986.24,0.00,-11.05,-166.77,273.80,35.36,5.03,80.42,-41.59,21.89,202606.00,0.14,-0.06,35.76,79.36
Setco Automotive,505075,SETCO,INE878E01021,Auto Components,Auto Components & Equipments,17.37,,232.33,74.85,136.42,807.18,250.63,18.99,20.48,16.55,99.79,-10.56,202603.00,-0.01,8.93,25.96,71.28
Sh. Krishna Pap.,500388,,INE970C01012,"Paper, Forest & Jute Products",Paper & Paper Products,90.00,34.28,121.70,0.00,6.38,47.73,59.50,7.61,10.13,23.58,58.48,2.92,202606.00,18.44,4.72,,84.38
Shalimar Paints,509874,SHALPAINTS,INE849C01026,Consumer Durables,Paints,83.50,,698.99,0.00,-21.26,-26.77,137.72,-10.90,-7.93,-10.68,7.99,38.35,202606.00,-8.30,-2.54,-17.60,70.51
Shalimar Wires,532455,,INE655D01025,Textiles & Apparels,Other Textile Products,17.86,8.59,76.36,0.00,2.20,117.82,37.40,13.89,16.74,12.15,307.80,28.96,202606.00,1.64,0.51,145.56,45.03
Share India Sec.,540725,SHAREINDIA,INE932X01026,Capital Markets,Stockbroking & Allied,196.45,11.84,4298.85,0.77,124.41,47.48,448.09,31.25,18.41,14.62,17.62,24.47,202606.00,16.61,5.67,-9.79,57.80
Shree Bhavya,521131,,INE363D01018,Textiles & Apparels,Other Textile Products,22.50,9.59,21.38,0.00,0.69,-5.48,36.25,-14.30,9.23,-13.51,-10.80,-11.36,202606.00,2.35,0.73,14.47,40.25
Shrem InvIT,,SHREMINVIT,INE0GTI23014,Construction,Civil Construction,100.50,7.92,6138.98,2.99,153.95,-33.14,507.14,-5.37,9.54,-15.38,-24.75,-19.41,202606.00,12.69,2.56,10.04,48.40
Shrenik,,SHRENIK,INE632X01030,"Paper, Forest & Jute Products",Paper & Paper Products,0.29,295.83,17.75,0.00,-0.20,-185.71,6.26,7.38,,79.97,700.00,53.40,202606.00,0.00,0.00,-8.67,99.94
Sical Logistics,520086,SICALLOG,INE075B01020,Transport Services,Logistics Solution Provider,95.60,3091.02,762.75,0.00,21.24,203.56,132.58,35.92,9.85,51.67,100.85,87.14,202606.00,4.13,2.52,26.79,56.01
Silgo Retail,,SILGO,INE01II01013,Consumer Durables,"Gems, Jewellery And Watches",69.32,32.58,221.17,0.00,2.15,93.69,12.15,10.76,8.17,9.42,45.71,74.03,202606.00,2.12,0.67,27.09,38.65
Simplex Infra,523838,SIMPLEXINF,INE059B01024,Construction,Civil Construction,240.45,42.08,1901.87,0.00,10.67,125.00,290.55,19.77,2.40,4.58,194.67,131.33,202606.00,5.79,1.32,27.12,33.09
Solara Active,541540,SOLARA,INE624Z01016,Pharmaceuticals & Biotechnology,Pharmaceuticals,716.65,806.76,3444.98,0.00,16.31,55.04,381.60,19.57,4.86,15.49,-82.59,-13.41,202606.00,-1.54,3.41,24.01,37.11
SpiceJet,500285,SPICEJET,INE285B01017,Transport Services,Airline,8.08,,1233.09,0.00,-269.27,-1104.04,1384.31,12.45,9.10,-15.10,-437.70,10.24,202512.00,-5.61,-1.76,26.31,39.77
Standard Battery,504180,,INE502C01039,Finance,Non Banking Financial Company (NBFC),38.27,,19.77,0.00,-0.14,0.00,0.00,,-41.32,,5.66,-11.32,202606.00,-1.92,-0.54,24.01,84.27
Star Paper Mills,516022,STARPAPER,INE733A01018,"Paper, Forest & Jute Products",Paper & Paper Products,163.55,8.25,255.31,1.53,11.01,-14.05,103.46,2.27,4.18,-2.69,-22.70,-54.98,202606.00,19.84,7.05,-29.98,47.21
Steel Exchange,534748,STEELXIND,INE503B01021,Industrial Products,Iron & Steel Products,11.56,46.39,1474.46,0.00,15.03,46.92,269.71,-10.10,9.34,-12.78,-5.30,2.62,202606.00,0.25,0.12,31.89,99.95
Sterling & Wils.,542760,SWSOLAR,INE00M201021,Construction,Civil Construction,176.10,13.19,4112.71,0.00,53.27,69.60,1590.13,-9.74,26.78,3.19,185.88,-3.96,202606.00,-12.30,2.32,30.66,27.62
Strides Pharma,532531,STAR,INE939A01011,Pharmaceuticals & Biotechnology,Pharmaceuticals,1167.90,18.59,10764.87,0.42,165.49,0.75,1265.41,13.01,18.32,8.07,54.61,12.58,202606.00,66.56,17.02,69.99,38.10
Sudal Industries,506003,,INE618D01015,Non - Ferrous Metals,Aluminium,45.18,21.11,37.80,0.00,3.13,663.41,53.12,27.42,15.50,19.09,-58.85,41.14,202606.00,2.14,3.74,25.17,82.28
Super Tannery,523842,SUPTANERY,INE460D01038,Consumer Durables,Leather And Leather Products,9.92,15.34,107.11,0.51,2.40,11.47,75.87,11.92,8.23,-11.51,4.65,3.20,202606.00,0.65,0.22,3.50,51.12
Supertex Inds.,526133,,INE881B01054,Textiles & Apparels,Other Textile Products,5.62,8.39,6.38,0.00,0.23,162.16,5.10,-37.65,5.53,-14.29,290.00,50.68,202606.00,0.67,0.20,47.36,32.66
Swan Corp,503310,SWANCORP,INE665A01038,Chemicals & Petrochemicals,Petrochemicals,292.10,40.94,9156.05,0.05,-36.00,-264.24,1013.75,-16.44,-0.58,-16.72,-64.87,52.68,202606.00,7.13,-1.00,,39.55
SwarnsaritaJewel,526365,SWARNSAR,INE967A01012,Consumer Durables,"Gems, Jewellery And Watches",38.75,6.51,80.91,0.00,10.71,76.73,205.93,35.53,11.00,21.63,143.05,45.24,202606.00,5.95,5.13,25.15,49.91
Swastik Pipe,,SWASTIK,INE0DGC01025,Industrial Products,Iron & Steel Products,16.65,,38.69,0.00,-47.88,-396.84,146.07,-61.60,-20.60,-46.92,-804.83,-455.89,202603.00,-24.78,-20.61,,38.09
Tarapur Trans,533203,TARAPUR,INE747K01017,Electrical Equipment,Heavy Electrical Equipment,12.37,,24.12,0.00,-0.44,-540.00,0.00,,2.60,,90.63,30.50,202606.00,-1.22,-0.23,23.60,93.31
Tembo Global,,TEMBO,INE869Y01028,Industrial Products,Iron & Steel Products,55.30,10.05,1025.55,0.18,31.21,57.99,302.35,21.86,22.84,34.06,58.53,60.21,202606.00,5.73,1.62,98.57,40.65
TGB Banquets,532845,TGBHOTELS,INE797H01018,Leisure Services,Hotels & Resorts,9.27,18.84,27.15,0.00,0.19,5.56,8.33,-6.09,3.70,-3.46,-27.27,-0.30,202606.00,0.49,0.06,7.30,30.41
Themis Medicare,530199,THEMISMED,INE083B01024,Pharmaceuticals & Biotechnology,Pharmaceuticals,122.25,,1125.93,0.40,24.61,-282.28,86.96,-10.88,2.74,-12.76,-320.73,-910.04,202606.00,4.34,2.67,-68.82,43.39
Thyrocare Tech.,539871,THYROCARE,INE594H01019,Healthcare Services,Healthcare Service Provider,545.45,48.08,8681.67,1.70,51.33,34.06,240.02,24.34,35.38,21.09,69.85,37.73,202606.00,11.08,3.28,35.69,100.00
Transwar.Fin.,532812,TFL,INE804H01012,Finance,Non Banking Financial Company (NBFC),11.65,,64.21,0.00,-0.12,85.71,2.55,-35.44,-0.38,-12.07,4.73,-650.00,202606.00,-0.67,-0.02,17.76,47.16
Tree House Edu.,533540,TREEHOUSE,INE040M01013,Other Consumer Services,Education,6.00,,25.38,0.00,-2.13,-1431.25,1.15,-20.14,-7.02,-46.64,-451.21,-1374.11,202606.00,-2.70,-0.50,19.82,83.17
Tricom Fruit,531716,,INE843F01014,Food Products,Other Food Products,1.22,,2.34,0.00,-0.07,,0.00,,,,,,202603.00,-0.07,-0.04,,62.69
TruAlt Bioenergy,544545,TRUALT,INE0MWH01014,Agricultural Food & other Products,Other Agricultural Products,402.90,22.10,3454.93,0.00,59.27,1108.25,626.88,106.29,10.44,1.80,-9.56,16.14,202606.00,18.24,6.66,24.44,36.85
True Green,533407,,INE672K01025,Textiles & Apparels,Other Textile Products,191.10,11.75,629.80,0.00,21.85,5702.56,227.57,3141.74,13.89,1764.83,4189.31,5932.08,202606.00,16.25,6.63,169.28,57.50
Tulsyan NEC,513629,,INE463D01016,Industrial Products,Iron & Steel Products,28.00,,46.09,0.00,-21.41,-108.88,146.70,-42.98,-3.12,-18.04,9.47,-271.15,202606.00,-45.86,-13.01,,99.63
TV Vision,540083,TVVISION,INE871L01013,Entertainment,TV Broadcasting & Software Production,2.67,,10.34,0.00,-3.64,29.87,0.24,-96.83,,-82.53,-32.14,-61.07,202606.00,-8.96,-0.99,-35.27,49.81
TVS Supply,543965,TVSSCS,INE395N01027,Transport Services,Logistics Solution Provider,126.35,78.66,5574.85,0.00,22.48,-84.26,3335.22,28.66,10.06,16.89,-36.93,20.74,202606.00,1.47,0.47,60.82,31.87
Valor Estate,533160,DBREALTY,INE879I01012,Realty,"Residential, Commercial Projects",96.25,,5220.61,0.00,-1.33,-127.70,110.79,-86.82,1.55,-49.50,70.90,136.18,202606.00,0.22,-0.02,25.81,44.72
Vardhman Polytex,514175,VARDMNPOLY,INE835A01029,Textiles & Apparels,Other Textile Products,5.84,31.61,288.28,0.00,311.19,757.89,60.75,2.03,,-15.18,-64.75,-50.16,202606.00,6.60,6.44,26.18,74.03
Vedavaag Systems,533056,VEDAVAAG,INE359B01010,IT - Services,IT Enabled Services,20.69,11.69,48.53,2.39,1.10,-48.84,22.12,-28.90,5.60,4.43,-51.35,-34.83,202606.00,1.77,0.47,-12.49,42.43
Veefin Solutions,543931,,INE0Q0M01015,IT - Services,IT Enabled Services,258.55,28.99,660.32,0.00,9.50,,113.97,,9.85,339.10,73.13,207.36,202603.00,8.92,2.63,56.34,72.12
Ventive Hospital,544321,VENTIVE,INE781S01027,Leisure Services,Hotels & Resorts,565.55,27.24,13207.96,0.00,124.19,199.85,542.80,6.97,10.79,24.99,295.16,21.78,202606.00,20.53,3.46,,36.36
Veranda Learning,543514,VERANDA,INE0IQ001011,Other Consumer Services,E-Learning,219.15,32.78,2114.95,0.00,33.87,854.40,149.54,41.52,12.83,32.02,129.38,304.18,202606.00,15.04,3.02,28.75,30.45
Vertoz,,VERTOZ,INE188Y01031,Media,Advertising & Media Agencies,38.17,12.34,325.32,0.25,7.36,5.02,81.64,15.82,14.16,14.12,-2.87,43.73,202606.00,3.10,0.79,-12.72,62.95
Vijay Textiles,530151,,INE256G01033,Textiles & Apparels,Other Textile Products,3.60,,6.60,0.00,-3.83,80.03,1.41,-53.77,-2.20,-39.49,38.56,-303.85,202503.00,-7.89,-2.09,5.42,50.27
Vikas Wsp,519307,VIKASWSP,INE706A01022,Agricultural Food & other Products,Other Agricultural Products,0.86,,17.59,0.00,-0.30,96.58,0.00,,-10.14,,-119.68,-6435.98,202606.00,-2.86,-0.01,,56.92
Vintage Coffee,538920,VINCOFE,INE498Q01014,Agricultural Food & other Products,Tea & Coffee,167.70,31.22,2456.56,0.09,20.79,46.10,161.00,58.45,18.18,67.12,57.99,78.77,202606.00,5.42,1.43,137.76,25.95
Vipul Ltd,511726,VIPULLTD,INE946H01037,Realty,"Residential, Commercial Projects",13.51,,190.44,0.00,1.21,-67.56,9.19,-18.38,-0.44,-19.72,-116.05,-257.11,202512.00,-1.98,0.09,11.57,30.71
VISA Chrome,532721,VISACHROME,INE286H01012,Ferrous Metals,Ferro & Silica Manganese,33.41,,487.09,0.00,-9.56,-320.79,120.44,-29.56,-5.58,-15.21,-46.90,-97.39,202606.00,79.97,-0.74,17.00,28.69
Visagar Polytex,506146,VIVIDHA,INE370E01029,Textiles & Apparels,Garments & Apparels,0.54,,15.79,0.00,-0.39,35.00,0.23,109.09,-17.81,118.18,27.72,34.57,202606.00,-0.05,-0.01,-3.45,83.69
Vishnu Prakash R,543974,VPRPL,INE0AE001013,Construction,Civil Construction,34.50,,430.04,0.00,-39.32,-660.91,137.88,-50.12,-6.76,-43.32,-466.80,-196.25,202606.00,-15.76,-3.15,,95.25
VMS Industries,533427,,INE932K01015,Transport Infrastructure,Port & Port services,18.19,29.88,44.53,2.75,0.46,6.98,44.83,13.09,5.08,-27.00,-77.53,-108.71,202606.00,0.61,0.19,26.04,47.63
Waa Solar,541445,,INE799N01012,Power,Power Generation,51.51,105.13,68.34,0.00,-1.17,-114.19,18.96,36.80,3.28,-1.70,-90.67,49.66,202603.00,0.49,-0.88,-59.58,75.16
Walchan. Inds.,507410,WALCHANNAG,INE711A01022,Industrial Manufacturing,Industrial Products,201.00,,1364.84,0.00,1.18,111.36,90.83,83.75,4.17,37.98,97.53,138.79,202606.00,-0.46,0.17,23.32,49.20
Wanbury,524212,WANBURY,INE107F01022,Pharmaceuticals & Biotechnology,Pharmaceuticals,224.00,13.24,783.24,0.00,3.24,-75.98,165.58,1.47,30.66,3.63,38.01,11.93,202606.00,16.01,0.93,103.78,62.18
Wardwizard Inno.,538970,WARDINMOBI,INE945P01024,Automobiles,2/3 Wheelers,5.66,166.98,170.26,1.77,0.19,-83.04,61.64,91.01,7.04,-3.31,-81.42,-38.03,202606.00,0.03,0.01,-40.45,34.53
Websol Energy,517498,WEBELSOLAR,INE855C01023,Electrical Equipment,Other Electrical Equipment,73.26,10.11,3180.68,0.33,77.79,15.79,372.60,70.33,63.18,76.28,57.83,44.37,202606.00,7.30,1.79,145.67,89.39
Wework India,544570,WEWORK,INE085001019,Commercial Services & Supplies,Diversified Commercial Services,673.40,108.05,9351.55,0.00,-4.58,68.65,680.20,27.39,20.57,27.10,-54.22,30.12,202606.00,6.10,-0.33,30.34,34.97
Windsor Machines,522029,WINDMACHIN,INE052A01021,Industrial Manufacturing,Industrial Products,300.85,1044.53,3112.57,0.00,-0.91,-37.88,148.87,31.35,2.61,51.03,113.61,-3.35,202606.00,0.93,-0.09,-26.77,48.78
Zee Learn,533287,ZEELEARN,INE565L01011,Other Consumer Services,Education,6.80,8.30,222.83,0.00,8.42,313.62,93.32,17.92,12.64,9.62,33.56,-2.92,202606.00,1.38,0.26,36.16,29.16
Zuari Agro Chem.,534742,ZUARI,INE840M01016,Fertilizers & Agrochemicals,Fertilizers,213.40,2.87,897.53,0.00,118.69,19.70,615.21,-50.63,16.44,-43.98,21.60,-41.74,202606.00,223.33,28.17,-41.76,27.64
