Name,BSE Code,NSE Code,ISIN Code,Industry Group,Industry,Current Price,Price to Earning,Market Capitalization,Dividend yield,Net Profit latest quarter,YOY Quarterly profit growth,Sales latest quarter,YOY Quarterly sales growth,Return on capital employed,Sales growth,Profit growth,Operating profit growth,TTM Result Date,EPS,EPS latest quarter,EPS growth 3Years,Average return on capital employed 3Years
Atlanta Electric,544527,ATLANTAELE,INE0Z4F01028,Electrical Equipment,Heavy Electrical Equipment,1670.05,58.84,12842.12,0.00,46.84,50.42,466.33,47.99,45.28,59.03,74.72,85.51,202606.00,28.28,6.09,-24.44,46.93
BLS Internat.,540073,BLS,INE153T01027,Leisure Services,"Tour, Travel Related Services",230.85,13.48,9505.05,1.06,201.63,11.15,890.53,25.33,29.34,31.81,24.91,23.79,202606.00,17.14,4.62,50.09,31.33
Canara Robeco,544580,CRAMC,INE218I01013,Capital Markets,Asset Management Company,233.30,21.28,4652.45,1.67,75.60,23.98,145.37,20.07,40.11,13.00,8.87,10.06,202606.00,10.95,3.79,-13.55,45.35
Crizac,544439,CRIZAC,INE0S4R01014,Retailing,Internet & Catalogue Retail,179.35,14.19,3138.25,4.49,46.17,2.88,201.21,-3.98,52.34,15.17,38.40,29.03,202606.00,12.60,2.69,-51.68,64.59
Danish Power,,DANISH,INE0YU901016,Electrical Equipment,Heavy Electrical Equipment,982.50,27.65,1934.68,0.20,41.17,9.23,309.84,18.61,23.75,22.57,20.02,11.17,202603.00,35.55,20.91,,44.77
Dynamic Cables,540795,DYCL,INE600Y01019,Industrial Products,Cables - Electricals,436.00,23.15,2112.77,0.11,24.95,37.01,349.10,33.22,26.21,19.10,27.67,27.33,202606.00,18.82,5.15,34.48,25.30
EPack PrefabTech,544540,EPACKPEB,INE0MLS01022,Industrial Manufacturing,Industrial Products,226.90,24.09,2283.28,0.00,18.17,13.35,365.84,23.87,21.71,37.53,52.62,35.54,202606.00,9.43,1.81,-46.82,24.27
Jaro Institute,544534,JARO,INE00YJ01010,Other Consumer Services,E-Learning,466.85,18.40,1039.68,1.06,11.17,48.34,70.75,16.61,22.09,12.52,34.84,4.43,202606.00,25.49,5.02,37.26,36.43
Jeena Sikho,544476,JSLL,INE0J5801029,Leisure Services,Wellness,502.55,26.41,6246.74,0.89,65.69,28.03,224.40,28.75,70.74,56.71,103.13,86.67,202606.00,19.03,5.28,88.23,59.64
Kalyani Cast-Tec,544023,,INE0N6U01018,Industrial Manufacturing,Industrial Products,1145.00,46.04,822.17,0.00,7.53,20.87,57.59,-16.57,31.04,7.74,28.12,14.37,202603.00,24.87,10.49,15.76,31.93
Krishna Defence,,KRISHNADEF,INE0J5601015,Aerospace & Defense,Aerospace & Defense,1026.70,37.45,1534.66,0.12,11.67,32.92,57.60,-15.18,31.07,29.10,73.10,68.42,202606.00,27.47,7.81,76.63,24.14
Lumino Inds,544894,LUMINO,INE185Q01025,Industrial Products,Cables - Electricals,103.86,19.80,3163.15,0.00,63.70,,947.62,,26.61,6.51,28.40,8.37,202603.00,6.57,20.92,-1.03,24.38
Manorama Indust.,541974,MANORAMA,INE00VM01036,Food Products,Other Food Products,2006.55,47.92,12665.80,0.04,81.59,61.31,403.96,39.51,35.41,58.81,77.23,63.59,202606.00,44.25,13.66,98.45,23.94
Poojaa Precision Engg.,544844,,INE288301026,Auto Components,Auto Components & Equipments,699.00,45.16,1394.13,0.00,,,,,33.41,32.08,28.68,29.72,202603.00,21.11,,-49.48,34.83
Rajoo Engineers,522257,RAJOOENG,INE535F01024,Industrial Manufacturing,Industrial Products,53.55,19.75,956.80,0.28,17.35,3.40,123.07,44.67,24.70,32.79,1.76,15.55,202606.00,2.71,0.87,60.15,26.55
Sambhv Steel,544430,SAMBHV,INE12NJ01018,Industrial Products,Iron & Steel Products,129.20,22.86,3807.12,0.00,56.61,69.49,732.17,31.07,19.07,48.73,149.65,64.70,202606.00,5.65,1.92,-45.56,18.40
Sandur Manganese,504918,SANDUMA,INE149K01016,Ferrous Metals,Iron & Steel,181.45,11.92,8820.43,0.26,227.85,36.28,1374.78,21.09,24.23,45.22,50.62,40.34,202606.00,14.75,4.67,36.71,19.96
SRM Contractors,544158,SRM,INE0R6Z01013,Construction,Civil Construction,421.20,8.19,966.40,0.00,19.71,54.59,196.26,37.82,37.14,75.33,86.75,102.18,202606.00,51.42,8.59,63.20,32.80
Supriya Lifesci.,543434,SUPRIYA,INE07RO01027,Pharmaceuticals & Biotechnology,Pharmaceuticals,880.90,35.70,7089.78,0.11,24.04,-30.90,189.75,30.80,25.17,28.14,11.58,15.94,202606.00,24.65,2.99,32.49,24.93
Syncom Formul.,524470,SYNCOMF,INE312C01025,Pharmaceuticals & Biotechnology,Pharmaceuticals,18.75,20.79,1762.50,0.50,24.59,56.62,124.66,6.96,26.84,0.24,49.06,45.95,202606.00,0.90,0.26,56.22,18.56
TIPCO Engineering,544740,,INE1U6D01014,Industrial Manufacturing,Industrial Products,263.05,21.60,546.29,0.00,16.73,156.99,94.97,65.51,36.23,9.12,63.29,59.86,202603.00,12.19,8.06,-83.18,42.40
Tips Music,532375,TIPSMUSIC,INE716B01029,Entertainment,Media & Entertainment,661.00,39.36,8449.65,1.97,43.70,-4.67,106.51,20.94,118.47,21.28,27.11,30.63,202606.00,16.79,3.42,39.31,110.37
Transrail Light,544317,TRANSRAILL,INE454P01035,Electrical Equipment,Heavy Electrical Equipment,407.40,13.09,5469.57,0.73,107.88,1.95,1736.03,4.59,33.56,14.95,9.71,8.93,202606.00,30.17,8.04,-13.48,34.60
Venus Pipes,543528,VENUSPIPES,INE0JA001018,Industrial Products,Iron & Steel Products,1944.00,38.71,4027.22,0.05,26.41,6.66,320.54,15.97,21.27,21.73,15.37,19.96,202606.00,50.09,12.75,31.42,24.88
