Name,BSE Code,NSE Code,ISIN Code,Industry Group,Industry,Current Price,Price to Earning,Market Capitalization,Dividend yield,Net Profit latest quarter,YOY Quarterly profit growth,Sales latest quarter,YOY Quarterly sales growth,Return on capital employed,Sales growth,Profit growth,Operating profit growth,TTM Result Date,EPS,EPS latest quarter,EPS growth 3Years,Price to book value
AGI Greenpac,500187,AGI,INE415A01038,Industrial Products,Packaging,747.25,13.13,4834.51,0.92,99.58,12.08,785.27,14.19,19.54,4.26,5.74,1.43,202606.00,56.10,15.39,10.70,2.00
Ajmera Realty,513349,AJMERA,INE298G01035,Realty,"Residential, Commercial Projects",113.25,14.37,2228.69,0.85,44.94,12.49,316.97,22.65,14.28,43.14,16.39,27.30,202606.00,7.85,2.19,23.58,1.62
Ashoka Buildcon,533271,ASHOKA,INE442H01029,Construction,Civil Construction,111.75,4.68,3137.05,0.00,127.17,-41.23,1499.61,-20.53,26.36,-24.59,-61.57,-47.39,202606.00,87.64,4.55,-51.09,0.49
Automotive Axles,505010,AUTOAXLES,INE449A01011,Auto Components,Auto Components & Equipments,1663.55,13.75,2513.61,1.92,45.60,27.66,516.82,5.61,21.55,6.30,16.27,13.71,202606.00,115.31,30.17,1.45,2.30
Balmer Law. Inv.,532485,BLIL,INE525F01025,Finance,Holding Company,67.15,8.33,1490.56,6.36,72.59,1.86,751.14,9.90,16.91,8.80,2.36,10.24,202606.00,8.07,2.05,17.38,1.02
Bharat Rasayan,590021,BHARATRAS,INE838B01021,Fertilizers & Agrochemicals,Pesticides & Agrochemicals,1132.70,13.55,1882.65,0.04,36.64,-32.66,338.16,-10.40,16.08,-5.17,-9.02,-15.82,202606.00,81.79,22.04,2.30,1.49
Birlasoft Ltd,532400,BSOFT,INE836A01035,IT - Software,Computers - Software & Consulting,286.80,13.48,8020.87,2.27,161.00,51.27,1379.40,7.35,21.15,1.35,26.11,40.67,202606.00,20.52,5.76,17.34,1.94
C P C L,500110,CHENNPETRO,INE178A01016,Petroleum Products,Refineries & Marketing,1483.35,5.26,22088.72,4.11,1031.35,2671.95,27369.27,84.77,34.94,33.51,2379.87,1278.86,202606.00,280.30,69.26,-4.50,2.03
Chamanlal Setia,530307,CLSEL,INE419D01026,Agricultural Food & other Products,Other Agricultural Products,285.25,11.35,1418.39,1.04,31.99,47.83,345.92,12.58,18.18,2.68,22.80,23.49,202606.00,25.16,6.43,0.03,1.70
D B Corp,533151,DBCORP,INE950I01011,Media,Print Media,188.40,9.53,3358.32,3.72,100.73,24.60,603.74,7.92,18.28,3.95,5.37,4.70,202606.00,19.74,5.65,25.02,1.40
Deep Industries,543288,DEEPINDS,INE0FHS01024,Oil,Oil Equipment & Services,730.90,11.31,4677.76,0.32,89.14,45.12,278.92,39.81,16.47,48.75,132.59,45.47,202606.00,32.26,13.34,62.00,2.37
Dolat Algotech,505526,DOLATALGO,INE966A01022,Capital Markets,Stockbroking & Allied,68.32,8.34,1202.39,0.14,53.82,38.68,114.25,37.37,16.32,-13.02,-21.16,-16.46,202606.00,8.18,3.06,3.59,1.08
Dollar Industrie,541403,DOLLAR,INE325C01035,Textiles & Apparels,Garments & Apparels,265.00,13.59,1502.98,1.16,24.46,24.67,389.07,1.36,13.64,6.08,17.60,11.40,202606.00,19.50,4.31,21.81,1.57
Expleo Solutions,533121,EXPLEOSOL,INE201K01015,IT - Services,IT Enabled Services,866.45,9.19,1344.74,12.71,34.18,67.30,291.55,12.29,24.25,10.42,47.15,18.13,202606.00,88.75,22.02,-13.11,1.75
Federal-Mogul Go,505744,FMGOETZE,INE529A01010,Auto Components,Auto Components & Equipments,442.60,13.58,2462.19,1.70,45.33,0.49,526.27,8.81,18.63,8.80,6.92,2.63,202606.00,30.71,7.81,21.70,1.72
Gandhar Oil Ref.,544029,GANDHAR,INE717W01049,Petroleum Products,Lubricants,266.60,8.69,2609.43,0.71,205.89,633.09,1731.93,91.81,13.33,32.78,299.64,191.51,202606.00,30.79,19.65,-16.58,1.97
Insecticid.India,532851,INSECTICID,INE070I01018,Fertilizers & Agrochemicals,Pesticides & Agrochemicals,599.15,13.92,1743.39,0.33,43.87,-24.51,611.52,-11.52,15.81,1.26,-17.02,-10.25,202606.00,43.02,15.08,30.60,1.41
Jindal Drilling,511034,JINDRILL,INE742C01031,Oil,Offshore Support Solution Drilling,604.70,9.00,1752.39,0.16,47.14,-28.69,275.39,8.38,13.67,11.72,-18.20,11.47,202606.00,66.13,16.27,21.94,1.00
Jindal Poly Inve,536773,JPOLYINVST,INE147P01019,Finance,Investment Company,968.60,1.31,1017.99,0.00,13.89,-77.87,8.83,5.75,63.42,3152.89,167.19,2788.73,202606.00,769.26,13.21,44.76,0.65
JK Tyre & Indust,530007,JKTYRE,INE573A01042,Auto Components,Tyres & Rubber Products,346.45,13.84,9987.79,1.13,44.09,-76.60,3946.24,2.00,15.51,9.93,56.01,25.77,202606.00,23.19,1.53,36.57,1.67
Kama Holdings,532468,KAMAHOLD,INE411F01010,Finance,Holding Company,2294.50,6.47,7363.19,1.80,761.50,73.56,5070.88,31.48,14.00,12.91,55.96,21.91,202606.00,340.71,119.56,-8.23,0.89
KRBL,530813,KRBL,INE001B01026,Agricultural Food & other Products,Other Agricultural Products,398.00,12.00,9109.77,1.09,260.74,73.16,1495.86,-5.59,15.16,0.51,40.39,35.21,202606.00,33.13,11.39,-1.69,1.63
Lincoln Pharma.,531633,LINCOLN,INE405C01035,Pharmaceuticals & Biotechnology,Pharmaceuticals,606.15,12.54,1214.11,0.29,36.23,30.89,177.28,15.06,16.27,10.20,11.67,-1.23,202606.00,48.15,18.09,6.61,1.64
Mah. Seamless,500265,MAHSEAMLES,INE271B01025,Industrial Products,Iron & Steel Products,700.85,12.69,9390.79,1.40,266.40,15.67,1091.20,-4.72,14.31,-12.21,-15.90,-28.50,202606.00,55.03,19.88,-2.80,1.39
Monte Carlo Fas.,538836,MONTECARLO,INE950M01013,Textiles & Apparels,Garments & Apparels,554.10,10.96,1148.78,3.61,-23.48,-43.87,149.04,7.59,14.01,15.59,36.25,20.99,202606.00,50.44,-11.33,-5.60,1.28
Natco Pharma,524816,NATCOPHARM,INE987B01026,Pharmaceuticals & Biotechnology,Pharmaceuticals,820.00,12.90,14686.98,0.62,206.50,-57.04,735.20,-44.68,17.39,-20.73,-32.59,-46.39,202606.00,63.89,11.53,27.84,1.60
Petronet LNG,532522,PETRONET,INE347G01014,Gas,LPG/CNG/PNG/LNG Supplier,281.45,10.05,42217.50,3.55,1137.14,35.07,5557.84,-53.22,22.55,-24.82,13.45,11.53,202606.00,28.05,7.58,5.08,1.92
Route Mobile,543228,ROUTE,INE450U01017,Telecom - Services,Other Telecom Services,487.25,8.65,3069.80,2.22,68.55,17.67,1151.51,9.58,17.41,-0.31,15.71,8.99,202606.00,39.43,9.94,-0.29,1.13
S P I C,590030,SPIC,INE147A01011,Fertilizers & Agrochemicals,Fertilizers,68.11,6.77,1386.95,2.94,60.18,-9.79,848.81,8.73,16.77,-2.84,28.22,-4.10,202606.00,10.06,2.96,-13.94,1.04
Sai Silks,543989,KALAMANDIR,INE438K01021,Retailing,Speciality Retail,79.90,8.98,1225.40,1.86,25.64,-14.68,375.08,-1.04,14.41,4.83,20.43,2.20,202606.00,8.90,1.67,5.98,1.00
Saksoft,590051,SAKSOFT,INE667G01023,IT - Software,Computers - Software & Consulting,144.05,14.27,1909.44,0.67,29.29,-9.46,248.62,-0.18,25.48,8.13,15.89,18.83,202606.00,9.82,2.21,18.46,2.40
Sharda Cropchem,538666,SHARDACROP,INE221J01015,Fertilizers & Agrochemicals,Pesticides & Agrochemicals,753.15,10.85,6794.92,1.96,88.02,-38.34,1073.77,9.03,30.25,18.52,49.11,44.85,202606.00,69.40,9.76,25.64,2.20
Siyaram Silk,503811,SIYSIL,INE076B01028,Textiles & Apparels,Other Textile Products,525.30,10.07,2383.30,2.27,11.01,137.28,445.66,14.42,18.82,14.08,24.71,14.96,202606.00,52.29,2.43,-5.16,1.64
Surya Roshni,500336,SURYAROSNI,INE335A01020,Industrial Products,Iron & Steel Products,211.30,14.77,4598.66,2.39,59.60,77.22,2046.48,27.54,15.60,11.69,8.34,6.39,202606.00,14.33,2.74,-6.10,1.75
The Bombay Burmah,501425,BBTC,INE050A01025,Food Products,Packaged Foods,1430.00,8.05,9977.33,1.19,582.67,17.47,5088.69,8.00,32.98,6.63,9.81,12.68,202606.00,184.91,41.30,31.31,1.45
Transrail Light,544317,TRANSRAILL,INE454P01035,Electrical Equipment,Heavy Electrical Equipment,407.40,13.09,5469.57,0.73,107.88,1.95,1736.03,4.59,33.56,14.95,9.71,8.93,202606.00,30.17,8.04,-13.48,2.42
Vaibhav Global,532156,VAIBHAVGBL,INE884A01027,Consumer Durables,"Gems, Jewellery And Watches",210.00,12.42,3523.16,2.87,56.38,49.83,917.07,12.70,16.43,10.41,74.33,33.96,202606.00,17.05,3.37,36.09,2.12
Veedol Corporat,590005,VEEDOL,INE484C01030,Petroleum Products,Lubricants,1396.90,11.06,2433.96,4.11,77.92,56.88,608.57,18.49,24.09,12.89,17.22,25.87,202606.00,126.19,44.72,18.32,2.37
Zensar Tech.,504067,ZENSARTECH,INE520A01027,IT - Software,Computers - Software & Consulting,444.85,12.65,10123.88,3.39,183.80,0.99,1508.30,8.90,22.75,8.06,18.00,11.47,202606.00,34.14,8.08,33.74,2.21
